-- phpMyAdmin SQL Dump
-- version 4.0.10.16
-- http://www.phpmyadmin.net
--
-- Хост: 10.0.0.168:3309
-- Время создания: Июл 29 2016 г., 15:13
-- Версия сервера: 5.5.48-37.8-log
-- Версия PHP: 5.3.3

SET SQL_MODE = "NO_AUTO_VALUE_ON_ZERO";
SET time_zone = "+00:00";


/*!40101 SET @OLD_CHARACTER_SET_CLIENT=@@CHARACTER_SET_CLIENT */;
/*!40101 SET @OLD_CHARACTER_SET_RESULTS=@@CHARACTER_SET_RESULTS */;
/*!40101 SET @OLD_COLLATION_CONNECTION=@@COLLATION_CONNECTION */;
/*!40101 SET NAMES utf8 */;

--
-- База данных: `dk-pochtamp_indicart`
--

-- --------------------------------------------------------

--
-- Структура таблицы `address`
--

CREATE TABLE IF NOT EXISTS `address` (
  `address_id` int(11) NOT NULL AUTO_INCREMENT,
  `customer_id` int(11) NOT NULL,
  `firstname` varchar(32) NOT NULL,
  `lastname` varchar(32) NOT NULL,
  `company` varchar(40) NOT NULL,
  `address_1` varchar(128) NOT NULL,
  `address_2` varchar(128) NOT NULL,
  `city` varchar(128) NOT NULL,
  `postcode` varchar(10) NOT NULL,
  `country_id` int(11) NOT NULL DEFAULT '0',
  `zone_id` int(11) NOT NULL DEFAULT '0',
  `custom_field` text NOT NULL,
  PRIMARY KEY (`address_id`),
  KEY `customer_id` (`customer_id`)
) ENGINE=MyISAM DEFAULT CHARSET=utf8 AUTO_INCREMENT=1 ;

-- --------------------------------------------------------

--
-- Структура таблицы `affiliate`
--

CREATE TABLE IF NOT EXISTS `affiliate` (
  `affiliate_id` int(11) NOT NULL AUTO_INCREMENT,
  `firstname` varchar(32) NOT NULL,
  `lastname` varchar(32) NOT NULL,
  `email` varchar(96) NOT NULL,
  `telephone` varchar(32) NOT NULL,
  `fax` varchar(32) NOT NULL,
  `password` varchar(40) NOT NULL,
  `salt` varchar(9) NOT NULL,
  `company` varchar(40) NOT NULL,
  `website` varchar(255) NOT NULL,
  `address_1` varchar(128) NOT NULL,
  `address_2` varchar(128) NOT NULL,
  `city` varchar(128) NOT NULL,
  `postcode` varchar(10) NOT NULL,
  `country_id` int(11) NOT NULL,
  `zone_id` int(11) NOT NULL,
  `code` varchar(64) NOT NULL,
  `commission` decimal(4,2) NOT NULL DEFAULT '0.00',
  `tax` varchar(64) NOT NULL,
  `payment` varchar(6) NOT NULL,
  `cheque` varchar(100) NOT NULL,
  `paypal` varchar(64) NOT NULL,
  `bank_name` varchar(64) NOT NULL,
  `bank_branch_number` varchar(64) NOT NULL,
  `bank_swift_code` varchar(64) NOT NULL,
  `bank_account_name` varchar(64) NOT NULL,
  `bank_account_number` varchar(64) NOT NULL,
  `ip` varchar(40) NOT NULL,
  `status` tinyint(1) NOT NULL,
  `approved` tinyint(1) NOT NULL,
  `date_added` datetime NOT NULL,
  PRIMARY KEY (`affiliate_id`)
) ENGINE=MyISAM DEFAULT CHARSET=utf8 AUTO_INCREMENT=1 ;

-- --------------------------------------------------------

--
-- Структура таблицы `affiliate_activity`
--

CREATE TABLE IF NOT EXISTS `affiliate_activity` (
  `affiliate_activity_id` int(11) NOT NULL AUTO_INCREMENT,
  `affiliate_id` int(11) NOT NULL,
  `key` varchar(64) NOT NULL,
  `data` text NOT NULL,
  `ip` varchar(40) NOT NULL,
  `date_added` datetime NOT NULL,
  PRIMARY KEY (`affiliate_activity_id`)
) ENGINE=MyISAM DEFAULT CHARSET=utf8 AUTO_INCREMENT=1 ;

-- --------------------------------------------------------

--
-- Структура таблицы `affiliate_login`
--

CREATE TABLE IF NOT EXISTS `affiliate_login` (
  `affiliate_login_id` int(11) NOT NULL AUTO_INCREMENT,
  `email` varchar(96) NOT NULL,
  `ip` varchar(40) NOT NULL,
  `total` int(4) NOT NULL,
  `date_added` datetime NOT NULL,
  `date_modified` datetime NOT NULL,
  PRIMARY KEY (`affiliate_login_id`),
  KEY `email` (`email`),
  KEY `ip` (`ip`)
) ENGINE=MyISAM DEFAULT CHARSET=utf8 AUTO_INCREMENT=1 ;

-- --------------------------------------------------------

--
-- Структура таблицы `affiliate_transaction`
--

CREATE TABLE IF NOT EXISTS `affiliate_transaction` (
  `affiliate_transaction_id` int(11) NOT NULL AUTO_INCREMENT,
  `affiliate_id` int(11) NOT NULL,
  `order_id` int(11) NOT NULL,
  `description` text NOT NULL,
  `amount` decimal(15,4) NOT NULL,
  `date_added` datetime NOT NULL,
  PRIMARY KEY (`affiliate_transaction_id`)
) ENGINE=MyISAM DEFAULT CHARSET=utf8 AUTO_INCREMENT=1 ;

-- --------------------------------------------------------

--
-- Структура таблицы `api`
--

CREATE TABLE IF NOT EXISTS `api` (
  `api_id` int(11) NOT NULL AUTO_INCREMENT,
  `name` varchar(64) NOT NULL,
  `key` text NOT NULL,
  `status` tinyint(1) NOT NULL,
  `date_added` datetime NOT NULL,
  `date_modified` datetime NOT NULL,
  PRIMARY KEY (`api_id`)
) ENGINE=MyISAM  DEFAULT CHARSET=utf8 AUTO_INCREMENT=2 ;

--
-- Дамп данных таблицы `api`
--

INSERT INTO `api` (`api_id`, `name`, `key`, `status`, `date_added`, `date_modified`) VALUES
(1, 'Default', 'FvyCKfvkyJl79NZQqBEa09xcjbCl7HtUojKDL9RQu2D9vOluAHRMVlJCqLcVtQKI4qdeqUcGRl0BsdXavy5hnDeTkluP2knO3YQ4FkHmeN7b60BohJKYP23vl5R6CX1llen08VpfaD8yElufcehokeMQZCZLoTTlo4LEnjzIqaDmaAVd7A4TW1uuLTHWXA2JjC5u41KFLt0ap8bcqIj2wB98Bkn0KMfzfREpBJjo5GpYGbH9oQmIY7onvGr94KlV', 1, '2016-06-14 02:51:11', '2016-06-14 02:51:11');

-- --------------------------------------------------------

--
-- Структура таблицы `api_ip`
--

CREATE TABLE IF NOT EXISTS `api_ip` (
  `api_ip_id` int(11) NOT NULL AUTO_INCREMENT,
  `api_id` int(11) NOT NULL,
  `ip` varchar(40) NOT NULL,
  PRIMARY KEY (`api_ip_id`)
) ENGINE=MyISAM  DEFAULT CHARSET=utf8 AUTO_INCREMENT=2 ;

--
-- Дамп данных таблицы `api_ip`
--

INSERT INTO `api_ip` (`api_ip_id`, `api_id`, `ip`) VALUES
(1, 1, '175.204.191.182');

-- --------------------------------------------------------

--
-- Структура таблицы `api_session`
--

CREATE TABLE IF NOT EXISTS `api_session` (
  `api_session_id` int(11) NOT NULL AUTO_INCREMENT,
  `api_id` int(11) NOT NULL,
  `token` varchar(32) NOT NULL,
  `session_id` varchar(32) NOT NULL,
  `session_name` varchar(32) NOT NULL,
  `ip` varchar(40) NOT NULL,
  `date_added` datetime NOT NULL,
  `date_modified` datetime NOT NULL,
  PRIMARY KEY (`api_session_id`)
) ENGINE=MyISAM  DEFAULT CHARSET=utf8 AUTO_INCREMENT=3 ;

--
-- Дамп данных таблицы `api_session`
--

INSERT INTO `api_session` (`api_session_id`, `api_id`, `token`, `session_id`, `session_name`, `ip`, `date_added`, `date_modified`) VALUES
(1, 1, 'bV18RjhUIc4dlxYEHUX7N2uLlQsbMdbC', 'ccf66cb01181442b740e93b1a80dd3b6', 'temp_session_577d2b95042ed', '175.204.191.182', '2016-07-06 19:02:29', '2016-07-06 19:02:29'),
(2, 1, 'yVaQBqpAnRBFXv9WfG5Uyu58ttVSEm0A', 'ccf66cb01181442b740e93b1a80dd3b6', 'temp_session_577d2e1ff0490', '175.204.191.182', '2016-07-06 19:13:19', '2016-07-06 19:13:19');

-- --------------------------------------------------------

--
-- Структура таблицы `attribute`
--

CREATE TABLE IF NOT EXISTS `attribute` (
  `attribute_id` int(11) NOT NULL AUTO_INCREMENT,
  `attribute_group_id` int(11) NOT NULL,
  `sort_order` int(3) NOT NULL,
  `vendor_id` int(11) NOT NULL,
  PRIMARY KEY (`attribute_id`)
) ENGINE=MyISAM  DEFAULT CHARSET=utf8 AUTO_INCREMENT=12 ;

--
-- Дамп данных таблицы `attribute`
--

INSERT INTO `attribute` (`attribute_id`, `attribute_group_id`, `sort_order`, `vendor_id`) VALUES
(1, 6, 1, 0),
(2, 6, 5, 0),
(3, 6, 3, 0),
(4, 3, 1, 0),
(5, 3, 2, 0),
(6, 3, 3, 0),
(7, 3, 4, 0),
(8, 3, 5, 0),
(9, 3, 6, 0),
(10, 3, 7, 0),
(11, 3, 8, 0);

-- --------------------------------------------------------

--
-- Структура таблицы `attribute_description`
--

CREATE TABLE IF NOT EXISTS `attribute_description` (
  `attribute_id` int(11) NOT NULL,
  `language_id` int(11) NOT NULL,
  `name` varchar(64) NOT NULL,
  PRIMARY KEY (`attribute_id`,`language_id`)
) ENGINE=MyISAM DEFAULT CHARSET=utf8;

--
-- Дамп данных таблицы `attribute_description`
--

INSERT INTO `attribute_description` (`attribute_id`, `language_id`, `name`) VALUES
(1, 1, 'Description'),
(2, 1, 'No. of Cores'),
(4, 1, 'test 1'),
(5, 1, 'test 2'),
(6, 1, 'test 3'),
(7, 1, 'test 4'),
(8, 1, 'test 5'),
(9, 1, 'test 6'),
(10, 1, 'test 7'),
(11, 1, 'test 8'),
(3, 1, 'Clockspeed');

-- --------------------------------------------------------

--
-- Структура таблицы `attribute_group`
--

CREATE TABLE IF NOT EXISTS `attribute_group` (
  `attribute_group_id` int(11) NOT NULL AUTO_INCREMENT,
  `sort_order` int(3) NOT NULL,
  `vendor_id` int(11) NOT NULL,
  PRIMARY KEY (`attribute_group_id`)
) ENGINE=MyISAM  DEFAULT CHARSET=utf8 AUTO_INCREMENT=7 ;

--
-- Дамп данных таблицы `attribute_group`
--

INSERT INTO `attribute_group` (`attribute_group_id`, `sort_order`, `vendor_id`) VALUES
(3, 2, 0),
(4, 1, 0),
(5, 3, 0),
(6, 4, 0);

-- --------------------------------------------------------

--
-- Структура таблицы `attribute_group_description`
--

CREATE TABLE IF NOT EXISTS `attribute_group_description` (
  `attribute_group_id` int(11) NOT NULL,
  `language_id` int(11) NOT NULL,
  `name` varchar(64) NOT NULL,
  PRIMARY KEY (`attribute_group_id`,`language_id`)
) ENGINE=MyISAM DEFAULT CHARSET=utf8;

--
-- Дамп данных таблицы `attribute_group_description`
--

INSERT INTO `attribute_group_description` (`attribute_group_id`, `language_id`, `name`) VALUES
(3, 1, 'Memory'),
(4, 1, 'Technical'),
(5, 1, 'Motherboard'),
(6, 1, 'Processor');

-- --------------------------------------------------------

--
-- Структура таблицы `banner`
--

CREATE TABLE IF NOT EXISTS `banner` (
  `banner_id` int(11) NOT NULL AUTO_INCREMENT,
  `name` varchar(64) NOT NULL,
  `status` tinyint(1) NOT NULL,
  PRIMARY KEY (`banner_id`)
) ENGINE=MyISAM  DEFAULT CHARSET=utf8 AUTO_INCREMENT=9 ;

--
-- Дамп данных таблицы `banner`
--

INSERT INTO `banner` (`banner_id`, `name`, `status`) VALUES
(6, 'HP Products', 1),
(7, 'Home Page Slideshow', 1),
(8, 'Manufacturers', 1);

-- --------------------------------------------------------

--
-- Структура таблицы `banner_image`
--

CREATE TABLE IF NOT EXISTS `banner_image` (
  `banner_image_id` int(11) NOT NULL AUTO_INCREMENT,
  `banner_id` int(11) NOT NULL,
  `link` varchar(255) NOT NULL,
  `image` varchar(255) NOT NULL,
  `sort_order` int(3) NOT NULL DEFAULT '0',
  PRIMARY KEY (`banner_image_id`)
) ENGINE=MyISAM  DEFAULT CHARSET=utf8 AUTO_INCREMENT=99 ;

--
-- Дамп данных таблицы `banner_image`
--

INSERT INTO `banner_image` (`banner_image_id`, `banner_id`, `link`, `image`, `sort_order`) VALUES
(79, 7, 'index.php?route=product/product&amp;path=57&amp;product_id=49', 'catalog/demo/banners/iPhone6.jpg', 0),
(87, 6, 'index.php?route=product/manufacturer/info&amp;manufacturer_id=7', 'catalog/demo/compaq_presario.jpg', 0),
(94, 8, '', 'catalog/demo/manufacturer/nfl.png', 0),
(95, 8, '', 'catalog/demo/manufacturer/redbull.png', 0),
(96, 8, '', 'catalog/demo/manufacturer/sony.png', 0),
(91, 8, '', 'catalog/demo/manufacturer/cocacola.png', 0),
(92, 8, '', 'catalog/demo/manufacturer/burgerking.png', 0),
(93, 8, '', 'catalog/demo/manufacturer/canon.png', 0),
(88, 8, '', 'catalog/demo/manufacturer/harley.png', 0),
(89, 8, '', 'catalog/demo/manufacturer/dell.png', 0),
(90, 8, '', 'catalog/demo/manufacturer/disney.png', 0),
(80, 7, '', 'catalog/demo/banners/MacBookAir.jpg', 0),
(97, 8, '', 'catalog/demo/manufacturer/starbucks.png', 0),
(98, 8, '', 'catalog/demo/manufacturer/nintendo.png', 0);

-- --------------------------------------------------------

--
-- Структура таблицы `banner_image_description`
--

CREATE TABLE IF NOT EXISTS `banner_image_description` (
  `banner_image_id` int(11) NOT NULL,
  `language_id` int(11) NOT NULL,
  `banner_id` int(11) NOT NULL,
  `title` varchar(64) NOT NULL,
  PRIMARY KEY (`banner_image_id`,`language_id`)
) ENGINE=MyISAM DEFAULT CHARSET=utf8;

--
-- Дамп данных таблицы `banner_image_description`
--

INSERT INTO `banner_image_description` (`banner_image_id`, `language_id`, `banner_id`, `title`) VALUES
(79, 1, 7, 'iPhone 6'),
(87, 1, 6, 'HP Banner'),
(93, 1, 8, 'Canon'),
(92, 1, 8, 'Burger King'),
(91, 1, 8, 'Coca Cola'),
(90, 1, 8, 'Disney'),
(89, 1, 8, 'Dell'),
(80, 1, 7, 'MacBookAir'),
(88, 1, 8, 'Harley Davidson'),
(94, 1, 8, 'NFL'),
(95, 1, 8, 'RedBull'),
(96, 1, 8, 'Sony'),
(97, 1, 8, 'Starbucks'),
(98, 1, 8, 'Nintendo');

-- --------------------------------------------------------

--
-- Структура таблицы `cart`
--

CREATE TABLE IF NOT EXISTS `cart` (
  `cart_id` int(11) unsigned NOT NULL AUTO_INCREMENT,
  `customer_id` int(11) NOT NULL,
  `session_id` varchar(32) NOT NULL,
  `product_id` int(11) NOT NULL,
  `recurring_id` int(11) NOT NULL,
  `option` text NOT NULL,
  `quantity` int(5) NOT NULL,
  `date_added` datetime NOT NULL,
  PRIMARY KEY (`cart_id`),
  KEY `cart_id` (`customer_id`,`session_id`,`product_id`,`recurring_id`)
) ENGINE=InnoDB  DEFAULT CHARSET=utf8 AUTO_INCREMENT=130 ;

-- --------------------------------------------------------

--
-- Структура таблицы `category`
--

CREATE TABLE IF NOT EXISTS `category` (
  `category_id` int(11) NOT NULL AUTO_INCREMENT,
  `image` varchar(255) DEFAULT NULL,
  `parent_id` int(11) NOT NULL DEFAULT '0',
  `top` tinyint(1) NOT NULL,
  `column` int(3) NOT NULL,
  `sort_order` int(3) NOT NULL DEFAULT '0',
  `status` tinyint(1) NOT NULL,
  `date_added` datetime NOT NULL,
  `date_modified` datetime NOT NULL,
  PRIMARY KEY (`category_id`),
  KEY `parent_id` (`parent_id`)
) ENGINE=MyISAM  DEFAULT CHARSET=utf8 AUTO_INCREMENT=59 ;

--
-- Дамп данных таблицы `category`
--

INSERT INTO `category` (`category_id`, `image`, `parent_id`, `top`, `column`, `sort_order`, `status`, `date_added`, `date_modified`) VALUES
(25, '', 0, 1, 1, 3, 1, '2009-01-31 01:04:25', '2011-05-30 12:14:55'),
(27, '', 20, 0, 0, 2, 1, '2009-01-31 01:55:34', '2010-08-22 06:32:15'),
(20, '', 0, 1, 1, 1, 1, '2009-01-05 21:49:43', '2016-06-22 08:51:00'),
(24, '', 0, 1, 1, 5, 1, '2009-01-20 02:36:26', '2011-05-30 12:15:18'),
(18, 'catalog/demo/hp_2.jpg', 0, 1, 0, 2, 1, '2009-01-05 21:49:15', '2011-05-30 12:13:55'),
(17, '', 0, 1, 1, 4, 1, '2009-01-03 21:08:57', '2011-05-30 12:15:11'),
(28, '', 25, 0, 0, 1, 1, '2009-02-02 13:11:12', '2010-08-22 06:32:46'),
(26, '', 20, 0, 0, 1, 1, '2009-01-31 01:55:14', '2010-08-22 06:31:45'),
(29, '', 25, 0, 0, 1, 1, '2009-02-02 13:11:37', '2010-08-22 06:32:39'),
(30, '', 25, 0, 0, 1, 1, '2009-02-02 13:11:59', '2010-08-22 06:33:00'),
(31, '', 25, 0, 0, 1, 1, '2009-02-03 14:17:24', '2010-08-22 06:33:06'),
(32, '', 25, 0, 0, 1, 1, '2009-02-03 14:17:34', '2010-08-22 06:33:12'),
(33, '', 0, 1, 1, 6, 1, '2009-02-03 14:17:55', '2016-06-14 14:31:57'),
(34, 'catalog/demo/ipod_touch_4.jpg', 0, 1, 4, 7, 1, '2009-02-03 14:18:11', '2011-05-30 12:15:31'),
(35, '', 28, 0, 0, 0, 1, '2010-09-17 10:06:48', '2010-09-18 14:02:42'),
(36, '', 28, 0, 0, 0, 1, '2010-09-17 10:07:13', '2010-09-18 14:02:55'),
(45, '', 18, 0, 0, 0, 1, '2010-09-24 18:29:16', '2011-04-26 08:52:11'),
(46, '', 18, 0, 0, 0, 1, '2010-09-24 18:29:31', '2011-04-26 08:52:23'),
(47, '', 34, 0, 0, 0, 1, '2010-11-07 11:13:16', '2010-11-07 11:13:16'),
(52, '', 34, 0, 0, 0, 1, '2010-11-07 11:16:09', '2011-04-22 01:54:57'),
(57, '', 0, 1, 1, 3, 1, '2011-04-26 08:53:16', '2011-05-30 12:15:05'),
(58, '', 52, 0, 0, 0, 1, '2011-05-08 13:44:16', '2011-05-08 13:44:16');

-- --------------------------------------------------------

--
-- Структура таблицы `category_description`
--

CREATE TABLE IF NOT EXISTS `category_description` (
  `category_id` int(11) NOT NULL,
  `language_id` int(11) NOT NULL,
  `name` varchar(255) NOT NULL,
  `description` text NOT NULL,
  `meta_title` varchar(255) NOT NULL,
  `meta_description` varchar(255) NOT NULL,
  `meta_keyword` varchar(255) NOT NULL,
  PRIMARY KEY (`category_id`,`language_id`),
  KEY `name` (`name`)
) ENGINE=MyISAM DEFAULT CHARSET=utf8;

--
-- Дамп данных таблицы `category_description`
--

INSERT INTO `category_description` (`category_id`, `language_id`, `name`, `description`, `meta_title`, `meta_description`, `meta_keyword`) VALUES
(28, 1, 'Monitors', '', 'Monitors', '', ''),
(33, 1, 'Cameras', '', 'Cameras', '', ''),
(32, 1, 'Web Cameras', '', 'Web Cameras', '', ''),
(31, 1, 'Scanners', '', 'Scanners', '', ''),
(30, 1, 'Printers', '', 'Printers', '', ''),
(29, 1, 'Mice and Trackballs', '', 'Mice and Trackballs', '', ''),
(27, 1, 'Mac', '', 'Mac', '', ''),
(26, 1, 'PC', '', 'PC', '', ''),
(17, 1, 'Software', '', 'Software', '', ''),
(25, 1, 'Components', '', 'Components', '', ''),
(24, 1, 'Phones &amp; PDAs', '', 'Phones &amp; PDAs', '', ''),
(20, 1, 'All Products', '', 'Desktops', 'Example of category description', ''),
(35, 1, 'test 1', '', 'test 1', '', ''),
(36, 1, 'test 2', '', 'test 2', '', ''),
(34, 1, 'MP3 Players', '&lt;p&gt;\r\n	Shop Laptop feature only the best laptop deals on the market. By comparing laptop deals from the likes of PC World, Comet, Dixons, The Link and Carphone Warehouse, Shop Laptop has the most comprehensive selection of laptops on the internet. At Shop Laptop, we pride ourselves on offering customers the very best laptop deals. From refurbished laptops to netbooks, Shop Laptop ensures that every laptop - in every colour, style, size and technical spec - is featured on the site at the lowest possible price.&lt;/p&gt;\r\n', 'MP3 Players', '', ''),
(18, 1, 'Laptops &amp; Notebooks', '&lt;p&gt;\r\n	Shop Laptop feature only the best laptop deals on the market. By comparing laptop deals from the likes of PC World, Comet, Dixons, The Link and Carphone Warehouse, Shop Laptop has the most comprehensive selection of laptops on the internet. At Shop Laptop, we pride ourselves on offering customers the very best laptop deals. From refurbished laptops to netbooks, Shop Laptop ensures that every laptop - in every colour, style, size and technical spec - is featured on the site at the lowest possible price.&lt;/p&gt;\r\n', 'Laptops &amp; Notebooks', '', ''),
(45, 1, 'Windows', '', 'Windows', '', ''),
(46, 1, 'Macs', '', 'Macs', '', ''),
(47, 1, 'test 15', '', 'test 15', '', ''),
(52, 1, 'test 20', '', 'test 20', '', ''),
(57, 1, 'Tablets', '', 'Tablets', '', ''),
(58, 1, 'test 25', '', 'test 25', '', '');

-- --------------------------------------------------------

--
-- Структура таблицы `category_filter`
--

CREATE TABLE IF NOT EXISTS `category_filter` (
  `category_id` int(11) NOT NULL,
  `filter_id` int(11) NOT NULL,
  PRIMARY KEY (`category_id`,`filter_id`)
) ENGINE=MyISAM DEFAULT CHARSET=utf8;

--
-- Дамп данных таблицы `category_filter`
--

INSERT INTO `category_filter` (`category_id`, `filter_id`) VALUES
(20, 1),
(20, 2),
(33, 1),
(33, 2),
(33, 3);

-- --------------------------------------------------------

--
-- Структура таблицы `category_path`
--

CREATE TABLE IF NOT EXISTS `category_path` (
  `category_id` int(11) NOT NULL,
  `path_id` int(11) NOT NULL,
  `level` int(11) NOT NULL,
  PRIMARY KEY (`category_id`,`path_id`)
) ENGINE=MyISAM DEFAULT CHARSET=utf8;

--
-- Дамп данных таблицы `category_path`
--

INSERT INTO `category_path` (`category_id`, `path_id`, `level`) VALUES
(25, 25, 0),
(28, 25, 0),
(28, 28, 1),
(35, 25, 0),
(35, 28, 1),
(35, 35, 2),
(36, 25, 0),
(36, 28, 1),
(36, 36, 2),
(29, 25, 0),
(29, 29, 1),
(30, 25, 0),
(30, 30, 1),
(31, 25, 0),
(31, 31, 1),
(32, 25, 0),
(32, 32, 1),
(20, 20, 0),
(27, 20, 0),
(27, 27, 1),
(26, 20, 0),
(26, 26, 1),
(24, 24, 0),
(18, 18, 0),
(45, 18, 0),
(45, 45, 1),
(46, 18, 0),
(46, 46, 1),
(17, 17, 0),
(33, 33, 0),
(34, 34, 0),
(47, 34, 0),
(47, 47, 1),
(52, 34, 0),
(52, 52, 1),
(58, 34, 0),
(58, 52, 1),
(58, 58, 2),
(57, 57, 0);

-- --------------------------------------------------------

--
-- Структура таблицы `category_to_layout`
--

CREATE TABLE IF NOT EXISTS `category_to_layout` (
  `category_id` int(11) NOT NULL,
  `store_id` int(11) NOT NULL,
  `layout_id` int(11) NOT NULL,
  PRIMARY KEY (`category_id`,`store_id`)
) ENGINE=MyISAM DEFAULT CHARSET=utf8;

--
-- Дамп данных таблицы `category_to_layout`
--

INSERT INTO `category_to_layout` (`category_id`, `store_id`, `layout_id`) VALUES
(20, 0, 0),
(33, 0, 0);

-- --------------------------------------------------------

--
-- Структура таблицы `category_to_store`
--

CREATE TABLE IF NOT EXISTS `category_to_store` (
  `category_id` int(11) NOT NULL,
  `store_id` int(11) NOT NULL,
  PRIMARY KEY (`category_id`,`store_id`)
) ENGINE=MyISAM DEFAULT CHARSET=utf8;

--
-- Дамп данных таблицы `category_to_store`
--

INSERT INTO `category_to_store` (`category_id`, `store_id`) VALUES
(17, 0),
(18, 0),
(20, 0),
(24, 0),
(25, 0),
(26, 0),
(27, 0),
(28, 0),
(29, 0),
(30, 0),
(31, 0),
(32, 0),
(33, 0),
(34, 0),
(35, 0),
(36, 0),
(45, 0),
(46, 0),
(47, 0),
(52, 0),
(57, 0),
(58, 0);

-- --------------------------------------------------------

--
-- Структура таблицы `commission`
--

CREATE TABLE IF NOT EXISTS `commission` (
  `commission_id` int(11) NOT NULL AUTO_INCREMENT,
  `product_limit_id` int(5) NOT NULL DEFAULT '1',
  `commission_name` varchar(64) CHARACTER SET utf8 COLLATE utf8_bin NOT NULL,
  `commission_type` tinyint(4) NOT NULL,
  `commission` varchar(64) CHARACTER SET utf8 COLLATE utf8_bin NOT NULL,
  `duration` tinyint(4) NOT NULL DEFAULT '0',
  `sort_order` int(11) NOT NULL,
  `date_add` datetime NOT NULL,
  PRIMARY KEY (`commission_id`)
) ENGINE=MyISAM  DEFAULT CHARSET=utf8 AUTO_INCREMENT=7 ;

--
-- Дамп данных таблицы `commission`
--

INSERT INTO `commission` (`commission_id`, `product_limit_id`, `commission_name`, `commission_type`, `commission`, `duration`, `sort_order`, `date_add`) VALUES
(1, 1, 'No Commission', 1, '0', 0, 0, '0000-00-00 00:00:00'),
(2, 1, 'Gold', 0, '5', 0, 1, '0000-00-00 00:00:00'),
(3, 1, 'Silver', 1, '20', 0, 2, '0000-00-00 00:00:00'),
(4, 1, 'Bronze', 0, '30', 0, 3, '0000-00-00 00:00:00'),
(5, 1, '$1.00/month (USD) - 1 Year', 5, '12', 1, 8, '0000-00-00 00:00:00'),
(6, 4, '$1.50/month (USD) - 6 Months', 4, '9', 6, 1, '0000-00-00 00:00:00');

-- --------------------------------------------------------

--
-- Структура таблицы `country`
--

CREATE TABLE IF NOT EXISTS `country` (
  `country_id` int(11) NOT NULL AUTO_INCREMENT,
  `name` varchar(128) NOT NULL,
  `iso_code_2` varchar(2) NOT NULL,
  `iso_code_3` varchar(3) NOT NULL,
  `address_format` text NOT NULL,
  `postcode_required` tinyint(1) NOT NULL,
  `status` tinyint(1) NOT NULL DEFAULT '1',
  PRIMARY KEY (`country_id`)
) ENGINE=MyISAM  DEFAULT CHARSET=utf8 AUTO_INCREMENT=262 ;

--
-- Дамп данных таблицы `country`
--

INSERT INTO `country` (`country_id`, `name`, `iso_code_2`, `iso_code_3`, `address_format`, `postcode_required`, `status`) VALUES
(1, 'Afghanistan', 'AF', 'AFG', '', 0, 1),
(2, 'Albania', 'AL', 'ALB', '', 0, 1),
(3, 'Algeria', 'DZ', 'DZA', '', 0, 1),
(4, 'American Samoa', 'AS', 'ASM', '', 0, 1),
(5, 'Andorra', 'AD', 'AND', '', 0, 1),
(6, 'Angola', 'AO', 'AGO', '', 0, 1),
(7, 'Anguilla', 'AI', 'AIA', '', 0, 1),
(8, 'Antarctica', 'AQ', 'ATA', '', 0, 1),
(9, 'Antigua and Barbuda', 'AG', 'ATG', '', 0, 1),
(10, 'Argentina', 'AR', 'ARG', '', 0, 1),
(11, 'Armenia', 'AM', 'ARM', '', 0, 1),
(12, 'Aruba', 'AW', 'ABW', '', 0, 1),
(13, 'Australia', 'AU', 'AUS', '', 0, 1),
(14, 'Austria', 'AT', 'AUT', '', 0, 1),
(15, 'Azerbaijan', 'AZ', 'AZE', '', 0, 1),
(16, 'Bahamas', 'BS', 'BHS', '', 0, 1),
(17, 'Bahrain', 'BH', 'BHR', '', 0, 1),
(18, 'Bangladesh', 'BD', 'BGD', '', 0, 1),
(19, 'Barbados', 'BB', 'BRB', '', 0, 1),
(20, 'Belarus', 'BY', 'BLR', '', 0, 1),
(21, 'Belgium', 'BE', 'BEL', '{firstname} {lastname}\r\n{company}\r\n{address_1}\r\n{address_2}\r\n{postcode} {city}\r\n{country}', 0, 1),
(22, 'Belize', 'BZ', 'BLZ', '', 0, 1),
(23, 'Benin', 'BJ', 'BEN', '', 0, 1),
(24, 'Bermuda', 'BM', 'BMU', '', 0, 1),
(25, 'Bhutan', 'BT', 'BTN', '', 0, 1),
(26, 'Bolivia', 'BO', 'BOL', '', 0, 1),
(27, 'Bosnia and Herzegovina', 'BA', 'BIH', '', 0, 1),
(28, 'Botswana', 'BW', 'BWA', '', 0, 1),
(29, 'Bouvet Island', 'BV', 'BVT', '', 0, 1),
(30, 'Brazil', 'BR', 'BRA', '', 0, 1),
(31, 'British Indian Ocean Territory', 'IO', 'IOT', '', 0, 1),
(32, 'Brunei Darussalam', 'BN', 'BRN', '', 0, 1),
(33, 'Bulgaria', 'BG', 'BGR', '', 0, 1),
(34, 'Burkina Faso', 'BF', 'BFA', '', 0, 1),
(35, 'Burundi', 'BI', 'BDI', '', 0, 1),
(36, 'Cambodia', 'KH', 'KHM', '', 0, 1),
(37, 'Cameroon', 'CM', 'CMR', '', 0, 1),
(38, 'Canada', 'CA', 'CAN', '', 0, 1),
(39, 'Cape Verde', 'CV', 'CPV', '', 0, 1),
(40, 'Cayman Islands', 'KY', 'CYM', '', 0, 1),
(41, 'Central African Republic', 'CF', 'CAF', '', 0, 1),
(42, 'Chad', 'TD', 'TCD', '', 0, 1),
(43, 'Chile', 'CL', 'CHL', '', 0, 1),
(44, 'China', 'CN', 'CHN', '', 0, 1),
(45, 'Christmas Island', 'CX', 'CXR', '', 0, 1),
(46, 'Cocos (Keeling) Islands', 'CC', 'CCK', '', 0, 1),
(47, 'Colombia', 'CO', 'COL', '', 0, 1),
(48, 'Comoros', 'KM', 'COM', '', 0, 1),
(49, 'Congo', 'CG', 'COG', '', 0, 1),
(50, 'Cook Islands', 'CK', 'COK', '', 0, 1),
(51, 'Costa Rica', 'CR', 'CRI', '', 0, 1),
(52, 'Cote D''Ivoire', 'CI', 'CIV', '', 0, 1),
(53, 'Croatia', 'HR', 'HRV', '', 0, 1),
(54, 'Cuba', 'CU', 'CUB', '', 0, 1),
(55, 'Cyprus', 'CY', 'CYP', '', 0, 1),
(56, 'Czech Republic', 'CZ', 'CZE', '', 0, 1),
(57, 'Denmark', 'DK', 'DNK', '', 0, 1),
(58, 'Djibouti', 'DJ', 'DJI', '', 0, 1),
(59, 'Dominica', 'DM', 'DMA', '', 0, 1),
(60, 'Dominican Republic', 'DO', 'DOM', '', 0, 1),
(61, 'East Timor', 'TL', 'TLS', '', 0, 1),
(62, 'Ecuador', 'EC', 'ECU', '', 0, 1),
(63, 'Egypt', 'EG', 'EGY', '', 0, 1),
(64, 'El Salvador', 'SV', 'SLV', '', 0, 1),
(65, 'Equatorial Guinea', 'GQ', 'GNQ', '', 0, 1),
(66, 'Eritrea', 'ER', 'ERI', '', 0, 1),
(67, 'Estonia', 'EE', 'EST', '', 0, 1),
(68, 'Ethiopia', 'ET', 'ETH', '', 0, 1),
(69, 'Falkland Islands (Malvinas)', 'FK', 'FLK', '', 0, 1),
(70, 'Faroe Islands', 'FO', 'FRO', '', 0, 1),
(71, 'Fiji', 'FJ', 'FJI', '', 0, 1),
(72, 'Finland', 'FI', 'FIN', '', 0, 1),
(74, 'France, Metropolitan', 'FR', 'FRA', '{firstname} {lastname}\r\n{company}\r\n{address_1}\r\n{address_2}\r\n{postcode} {city}\r\n{country}', 1, 1),
(75, 'French Guiana', 'GF', 'GUF', '', 0, 1),
(76, 'French Polynesia', 'PF', 'PYF', '', 0, 1),
(77, 'French Southern Territories', 'TF', 'ATF', '', 0, 1),
(78, 'Gabon', 'GA', 'GAB', '', 0, 1),
(79, 'Gambia', 'GM', 'GMB', '', 0, 1),
(80, 'Georgia', 'GE', 'GEO', '', 0, 1),
(81, 'Germany', 'DE', 'DEU', '{company}\r\n{firstname} {lastname}\r\n{address_1}\r\n{address_2}\r\n{postcode} {city}\r\n{country}', 1, 1),
(82, 'Ghana', 'GH', 'GHA', '', 0, 1),
(83, 'Gibraltar', 'GI', 'GIB', '', 0, 1),
(84, 'Greece', 'GR', 'GRC', '', 0, 1),
(85, 'Greenland', 'GL', 'GRL', '', 0, 1),
(86, 'Grenada', 'GD', 'GRD', '', 0, 1),
(87, 'Guadeloupe', 'GP', 'GLP', '', 0, 1),
(88, 'Guam', 'GU', 'GUM', '', 0, 1),
(89, 'Guatemala', 'GT', 'GTM', '', 0, 1),
(90, 'Guinea', 'GN', 'GIN', '', 0, 1),
(91, 'Guinea-Bissau', 'GW', 'GNB', '', 0, 1),
(92, 'Guyana', 'GY', 'GUY', '', 0, 1),
(93, 'Haiti', 'HT', 'HTI', '', 0, 1),
(94, 'Heard and Mc Donald Islands', 'HM', 'HMD', '', 0, 1),
(95, 'Honduras', 'HN', 'HND', '', 0, 1),
(96, 'Hong Kong', 'HK', 'HKG', '', 0, 1),
(97, 'Hungary', 'HU', 'HUN', '', 0, 1),
(98, 'Iceland', 'IS', 'ISL', '', 0, 1),
(99, 'India', 'IN', 'IND', '', 0, 1),
(100, 'Indonesia', 'ID', 'IDN', '', 0, 1),
(101, 'Iran (Islamic Republic of)', 'IR', 'IRN', '', 0, 1),
(102, 'Iraq', 'IQ', 'IRQ', '', 0, 1),
(103, 'Ireland', 'IE', 'IRL', '', 0, 1),
(104, 'Israel', 'IL', 'ISR', '', 0, 1),
(105, 'Italy', 'IT', 'ITA', '', 0, 1),
(106, 'Jamaica', 'JM', 'JAM', '', 0, 1),
(107, 'Japan', 'JP', 'JPN', '', 0, 1),
(108, 'Jordan', 'JO', 'JOR', '', 0, 1),
(109, 'Kazakhstan', 'KZ', 'KAZ', '', 0, 1),
(110, 'Kenya', 'KE', 'KEN', '', 0, 1),
(111, 'Kiribati', 'KI', 'KIR', '', 0, 1),
(112, 'North Korea', 'KP', 'PRK', '', 0, 1),
(113, 'South Korea', 'KR', 'KOR', '', 0, 1),
(114, 'Kuwait', 'KW', 'KWT', '', 0, 1),
(115, 'Kyrgyzstan', 'KG', 'KGZ', '', 0, 1),
(116, 'Lao People''s Democratic Republic', 'LA', 'LAO', '', 0, 1),
(117, 'Latvia', 'LV', 'LVA', '', 0, 1),
(118, 'Lebanon', 'LB', 'LBN', '', 0, 1),
(119, 'Lesotho', 'LS', 'LSO', '', 0, 1),
(120, 'Liberia', 'LR', 'LBR', '', 0, 1),
(121, 'Libyan Arab Jamahiriya', 'LY', 'LBY', '', 0, 1),
(122, 'Liechtenstein', 'LI', 'LIE', '', 0, 1),
(123, 'Lithuania', 'LT', 'LTU', '', 0, 1),
(124, 'Luxembourg', 'LU', 'LUX', '', 0, 1),
(125, 'Macau', 'MO', 'MAC', '', 0, 1),
(126, 'FYROM', 'MK', 'MKD', '', 0, 1),
(127, 'Madagascar', 'MG', 'MDG', '', 0, 1),
(128, 'Malawi', 'MW', 'MWI', '', 0, 1),
(129, 'Malaysia', 'MY', 'MYS', '', 0, 1),
(130, 'Maldives', 'MV', 'MDV', '', 0, 1),
(131, 'Mali', 'ML', 'MLI', '', 0, 1),
(132, 'Malta', 'MT', 'MLT', '', 0, 1),
(133, 'Marshall Islands', 'MH', 'MHL', '', 0, 1),
(134, 'Martinique', 'MQ', 'MTQ', '', 0, 1),
(135, 'Mauritania', 'MR', 'MRT', '', 0, 1),
(136, 'Mauritius', 'MU', 'MUS', '', 0, 1),
(137, 'Mayotte', 'YT', 'MYT', '', 0, 1),
(138, 'Mexico', 'MX', 'MEX', '', 0, 1),
(139, 'Micronesia, Federated States of', 'FM', 'FSM', '', 0, 1),
(140, 'Moldova, Republic of', 'MD', 'MDA', '', 0, 1),
(141, 'Monaco', 'MC', 'MCO', '', 0, 1),
(142, 'Mongolia', 'MN', 'MNG', '', 0, 1),
(143, 'Montserrat', 'MS', 'MSR', '', 0, 1),
(144, 'Morocco', 'MA', 'MAR', '', 0, 1),
(145, 'Mozambique', 'MZ', 'MOZ', '', 0, 1),
(146, 'Myanmar', 'MM', 'MMR', '', 0, 1),
(147, 'Namibia', 'NA', 'NAM', '', 0, 1),
(148, 'Nauru', 'NR', 'NRU', '', 0, 1),
(149, 'Nepal', 'NP', 'NPL', '', 0, 1),
(150, 'Netherlands', 'NL', 'NLD', '', 0, 1),
(151, 'Netherlands Antilles', 'AN', 'ANT', '', 0, 1),
(152, 'New Caledonia', 'NC', 'NCL', '', 0, 1),
(153, 'New Zealand', 'NZ', 'NZL', '', 0, 1),
(154, 'Nicaragua', 'NI', 'NIC', '', 0, 1),
(155, 'Niger', 'NE', 'NER', '', 0, 1),
(156, 'Nigeria', 'NG', 'NGA', '', 0, 1),
(157, 'Niue', 'NU', 'NIU', '', 0, 1),
(158, 'Norfolk Island', 'NF', 'NFK', '', 0, 1),
(159, 'Northern Mariana Islands', 'MP', 'MNP', '', 0, 1),
(160, 'Norway', 'NO', 'NOR', '', 0, 1),
(161, 'Oman', 'OM', 'OMN', '', 0, 1),
(162, 'Pakistan', 'PK', 'PAK', '', 0, 1),
(163, 'Palau', 'PW', 'PLW', '', 0, 1),
(164, 'Panama', 'PA', 'PAN', '', 0, 1),
(165, 'Papua New Guinea', 'PG', 'PNG', '', 0, 1),
(166, 'Paraguay', 'PY', 'PRY', '', 0, 1),
(167, 'Peru', 'PE', 'PER', '', 0, 1),
(168, 'Philippines', 'PH', 'PHL', '', 0, 1),
(169, 'Pitcairn', 'PN', 'PCN', '', 0, 1),
(170, 'Poland', 'PL', 'POL', '', 0, 1),
(171, 'Portugal', 'PT', 'PRT', '', 0, 1),
(172, 'Puerto Rico', 'PR', 'PRI', '', 0, 1),
(173, 'Qatar', 'QA', 'QAT', '', 0, 1),
(174, 'Reunion', 'RE', 'REU', '', 0, 1),
(175, 'Romania', 'RO', 'ROM', '', 0, 1),
(176, 'Russian Federation', 'RU', 'RUS', '', 0, 1),
(177, 'Rwanda', 'RW', 'RWA', '', 0, 1),
(178, 'Saint Kitts and Nevis', 'KN', 'KNA', '', 0, 1),
(179, 'Saint Lucia', 'LC', 'LCA', '', 0, 1),
(180, 'Saint Vincent and the Grenadines', 'VC', 'VCT', '', 0, 1),
(181, 'Samoa', 'WS', 'WSM', '', 0, 1),
(182, 'San Marino', 'SM', 'SMR', '', 0, 1),
(183, 'Sao Tome and Principe', 'ST', 'STP', '', 0, 1),
(184, 'Saudi Arabia', 'SA', 'SAU', '', 0, 1),
(185, 'Senegal', 'SN', 'SEN', '', 0, 1),
(186, 'Seychelles', 'SC', 'SYC', '', 0, 1),
(187, 'Sierra Leone', 'SL', 'SLE', '', 0, 1),
(188, 'Singapore', 'SG', 'SGP', '', 0, 1),
(189, 'Slovak Republic', 'SK', 'SVK', '{firstname} {lastname}\r\n{company}\r\n{address_1}\r\n{address_2}\r\n{city} {postcode}\r\n{zone}\r\n{country}', 0, 1),
(190, 'Slovenia', 'SI', 'SVN', '', 0, 1),
(191, 'Solomon Islands', 'SB', 'SLB', '', 0, 1),
(192, 'Somalia', 'SO', 'SOM', '', 0, 1),
(193, 'South Africa', 'ZA', 'ZAF', '', 0, 1),
(194, 'South Georgia &amp; South Sandwich Islands', 'GS', 'SGS', '', 0, 1),
(195, 'Spain', 'ES', 'ESP', '', 0, 1),
(196, 'Sri Lanka', 'LK', 'LKA', '', 0, 1),
(197, 'St. Helena', 'SH', 'SHN', '', 0, 1),
(198, 'St. Pierre and Miquelon', 'PM', 'SPM', '', 0, 1),
(199, 'Sudan', 'SD', 'SDN', '', 0, 1),
(200, 'Suriname', 'SR', 'SUR', '', 0, 1),
(201, 'Svalbard and Jan Mayen Islands', 'SJ', 'SJM', '', 0, 1),
(202, 'Swaziland', 'SZ', 'SWZ', '', 0, 1),
(203, 'Sweden', 'SE', 'SWE', '{company}\r\n{firstname} {lastname}\r\n{address_1}\r\n{address_2}\r\n{postcode} {city}\r\n{country}', 1, 1),
(204, 'Switzerland', 'CH', 'CHE', '', 0, 1),
(205, 'Syrian Arab Republic', 'SY', 'SYR', '', 0, 1),
(206, 'Taiwan', 'TW', 'TWN', '', 0, 1),
(207, 'Tajikistan', 'TJ', 'TJK', '', 0, 1),
(208, 'Tanzania, United Republic of', 'TZ', 'TZA', '', 0, 1),
(209, 'Thailand', 'TH', 'THA', '', 0, 1),
(210, 'Togo', 'TG', 'TGO', '', 0, 1),
(211, 'Tokelau', 'TK', 'TKL', '', 0, 1),
(212, 'Tonga', 'TO', 'TON', '', 0, 1),
(213, 'Trinidad and Tobago', 'TT', 'TTO', '', 0, 1),
(214, 'Tunisia', 'TN', 'TUN', '', 0, 1),
(215, 'Turkey', 'TR', 'TUR', '', 0, 1),
(216, 'Turkmenistan', 'TM', 'TKM', '', 0, 1),
(217, 'Turks and Caicos Islands', 'TC', 'TCA', '', 0, 1),
(218, 'Tuvalu', 'TV', 'TUV', '', 0, 1),
(219, 'Uganda', 'UG', 'UGA', '', 0, 1),
(220, 'Ukraine', 'UA', 'UKR', '', 0, 1),
(221, 'United Arab Emirates', 'AE', 'ARE', '', 0, 1),
(222, 'United Kingdom', 'GB', 'GBR', '', 1, 1),
(223, 'United States', 'US', 'USA', '{firstname} {lastname}\r\n{company}\r\n{address_1}\r\n{address_2}\r\n{city}, {zone} {postcode}\r\n{country}', 0, 1),
(224, 'United States Minor Outlying Islands', 'UM', 'UMI', '', 0, 1),
(225, 'Uruguay', 'UY', 'URY', '', 0, 1),
(226, 'Uzbekistan', 'UZ', 'UZB', '', 0, 1),
(227, 'Vanuatu', 'VU', 'VUT', '', 0, 1),
(228, 'Vatican City State (Holy See)', 'VA', 'VAT', '', 0, 1),
(229, 'Venezuela', 'VE', 'VEN', '', 0, 1),
(230, 'Viet Nam', 'VN', 'VNM', '', 0, 1),
(231, 'Virgin Islands (British)', 'VG', 'VGB', '', 0, 1),
(232, 'Virgin Islands (U.S.)', 'VI', 'VIR', '', 0, 1),
(233, 'Wallis and Futuna Islands', 'WF', 'WLF', '', 0, 1),
(234, 'Western Sahara', 'EH', 'ESH', '', 0, 1),
(235, 'Yemen', 'YE', 'YEM', '', 0, 1),
(237, 'Democratic Republic of Congo', 'CD', 'COD', '', 0, 1),
(238, 'Zambia', 'ZM', 'ZMB', '', 0, 1),
(239, 'Zimbabwe', 'ZW', 'ZWE', '', 0, 1),
(242, 'Montenegro', 'ME', 'MNE', '', 0, 1),
(243, 'Serbia', 'RS', 'SRB', '', 0, 1),
(244, 'Aaland Islands', 'AX', 'ALA', '', 0, 1),
(245, 'Bonaire, Sint Eustatius and Saba', 'BQ', 'BES', '', 0, 1),
(246, 'Curacao', 'CW', 'CUW', '', 0, 1),
(247, 'Palestinian Territory, Occupied', 'PS', 'PSE', '', 0, 1),
(248, 'South Sudan', 'SS', 'SSD', '', 0, 1),
(249, 'St. Barthelemy', 'BL', 'BLM', '', 0, 1),
(250, 'St. Martin (French part)', 'MF', 'MAF', '', 0, 1),
(251, 'Canary Islands', 'IC', 'ICA', '', 0, 1),
(252, 'Ascension Island (British)', 'AC', 'ASC', '', 0, 1),
(253, 'Kosovo, Republic of', 'XK', 'UNK', '', 0, 1),
(254, 'Isle of Man', 'IM', 'IMN', '', 0, 1),
(255, 'Tristan da Cunha', 'TA', 'SHN', '', 0, 1),
(256, 'Guernsey', 'GG', 'GGY', '', 0, 1),
(257, 'Jersey', 'JE', 'JEY', '', 0, 1),
(258, 'Delhi', 'IN', 'DLH', '', 0, 1),
(259, 'Manipur', 'IN', 'MNP', '', 0, 1),
(260, 'Goa', 'IN', 'GOA', '', 0, 1),
(261, 'Bihar', 'IN', 'BHR', '', 0, 1);

-- --------------------------------------------------------

--
-- Структура таблицы `coupon`
--

CREATE TABLE IF NOT EXISTS `coupon` (
  `coupon_id` int(11) NOT NULL AUTO_INCREMENT,
  `name` varchar(128) NOT NULL,
  `code` varchar(10) NOT NULL,
  `type` char(1) NOT NULL,
  `discount` decimal(15,4) NOT NULL,
  `logged` tinyint(1) NOT NULL,
  `shipping` tinyint(1) NOT NULL,
  `total` decimal(15,4) NOT NULL,
  `date_start` date NOT NULL DEFAULT '0000-00-00',
  `date_end` date NOT NULL DEFAULT '0000-00-00',
  `uses_total` int(11) NOT NULL,
  `uses_customer` varchar(11) NOT NULL,
  `status` tinyint(1) NOT NULL,
  `date_added` datetime NOT NULL,
  `vendor_id` int(11) NOT NULL,
  PRIMARY KEY (`coupon_id`)
) ENGINE=MyISAM  DEFAULT CHARSET=utf8 AUTO_INCREMENT=7 ;

--
-- Дамп данных таблицы `coupon`
--

INSERT INTO `coupon` (`coupon_id`, `name`, `code`, `type`, `discount`, `logged`, `shipping`, `total`, `date_start`, `date_end`, `uses_total`, `uses_customer`, `status`, `date_added`, `vendor_id`) VALUES
(4, '-10% Discount', '2222', 'P', '10.0000', 0, 0, '0.0000', '2014-01-01', '2020-01-01', 10, '10', 0, '2009-01-27 13:55:03', 0),
(5, 'Free Shipping', '3333', 'P', '0.0000', 0, 1, '100.0000', '2014-01-01', '2014-02-01', 10, '10', 0, '2009-03-14 21:13:53', 0),
(6, '-10.00 Discount', '1111', 'F', '10.0000', 0, 0, '10.0000', '2014-01-01', '2020-01-01', 100000, '10000', 0, '2009-03-14 21:15:18', 0);

-- --------------------------------------------------------

--
-- Структура таблицы `coupon_category`
--

CREATE TABLE IF NOT EXISTS `coupon_category` (
  `coupon_id` int(11) NOT NULL,
  `category_id` int(11) NOT NULL,
  PRIMARY KEY (`coupon_id`,`category_id`)
) ENGINE=MyISAM DEFAULT CHARSET=utf8;

-- --------------------------------------------------------

--
-- Структура таблицы `coupon_history`
--

CREATE TABLE IF NOT EXISTS `coupon_history` (
  `coupon_history_id` int(11) NOT NULL AUTO_INCREMENT,
  `coupon_id` int(11) NOT NULL,
  `order_id` int(11) NOT NULL,
  `customer_id` int(11) NOT NULL,
  `amount` decimal(15,4) NOT NULL,
  `date_added` datetime NOT NULL,
  PRIMARY KEY (`coupon_history_id`)
) ENGINE=MyISAM DEFAULT CHARSET=utf8 AUTO_INCREMENT=1 ;

-- --------------------------------------------------------

--
-- Структура таблицы `coupon_product`
--

CREATE TABLE IF NOT EXISTS `coupon_product` (
  `coupon_product_id` int(11) NOT NULL AUTO_INCREMENT,
  `coupon_id` int(11) NOT NULL,
  `product_id` int(11) NOT NULL,
  PRIMARY KEY (`coupon_product_id`)
) ENGINE=MyISAM DEFAULT CHARSET=utf8 AUTO_INCREMENT=1 ;

-- --------------------------------------------------------

--
-- Структура таблицы `courier`
--

CREATE TABLE IF NOT EXISTS `courier` (
  `courier_id` int(11) NOT NULL AUTO_INCREMENT,
  `courier_name` varchar(256) CHARACTER SET utf8 COLLATE utf8_bin NOT NULL,
  `description` varchar(128) CHARACTER SET utf8 COLLATE utf8_bin NOT NULL,
  `courier_image` varchar(255) CHARACTER SET utf8 COLLATE utf8_unicode_ci NOT NULL,
  `sort_order` int(11) NOT NULL,
  `date_add` datetime NOT NULL,
  PRIMARY KEY (`courier_id`)
) ENGINE=MyISAM  DEFAULT CHARSET=utf8 AUTO_INCREMENT=10 ;

--
-- Дамп данных таблицы `courier`
--

INSERT INTO `courier` (`courier_id`, `courier_name`, `description`, `courier_image`, `sort_order`, `date_add`) VALUES
(1, 'DHL', '3-7 Days', 'data/post/dhlpost_t.jpg', 0, '0000-00-00 00:00:00'),
(2, 'EMS', '5-10 Days', 'data/post/ems_t.jpg', 0, '0000-00-00 00:00:00'),
(3, 'Fedex', '3-7 Days', 'data/post/fedex_t.jpg', 0, '0000-00-00 00:00:00'),
(4, 'JNE', '3-7 Days', 'data/post/JNE.jpg', 0, '0000-00-00 00:00:00'),
(5, 'TNT', '3-15 Days', 'data/post/tnt_t.jpg', 0, '0000-00-00 00:00:00'),
(6, 'UPS', '3-7 Days', 'data/post/ups_t.jpg', 0, '0000-00-00 00:00:00'),
(7, 'Normal Mail', '3-45 Days', 'data/post/normal.jpg', 0, '0000-00-00 00:00:00'),
(8, 'China Post Air Mail', '15-30 Days', 'data/post/chinapost_t.jpg', 0, '0000-00-00 00:00:00'),
(9, 'Hong Kong Air Mail', '15-30 Days', 'data/post/hongkongpost_t.jpg', 0, '0000-00-00 00:00:00');

-- --------------------------------------------------------

--
-- Структура таблицы `currency`
--

CREATE TABLE IF NOT EXISTS `currency` (
  `currency_id` int(11) NOT NULL AUTO_INCREMENT,
  `title` varchar(32) NOT NULL,
  `code` varchar(3) NOT NULL,
  `symbol_left` varchar(12) NOT NULL,
  `symbol_right` varchar(12) NOT NULL,
  `decimal_place` char(1) NOT NULL,
  `value` float(15,8) NOT NULL,
  `status` tinyint(1) NOT NULL,
  `date_modified` datetime NOT NULL,
  PRIMARY KEY (`currency_id`)
) ENGINE=MyISAM  DEFAULT CHARSET=utf8 AUTO_INCREMENT=5 ;

--
-- Дамп данных таблицы `currency`
--

INSERT INTO `currency` (`currency_id`, `title`, `code`, `symbol_left`, `symbol_right`, `decimal_place`, `value`, `status`, `date_modified`) VALUES
(4, 'Indian Rupee', 'INR', '₹', '', '2', 1.00000000, 1, '2016-07-10 05:14:18');

-- --------------------------------------------------------

--
-- Структура таблицы `customer`
--

CREATE TABLE IF NOT EXISTS `customer` (
  `customer_id` int(11) NOT NULL AUTO_INCREMENT,
  `customer_group_id` int(11) NOT NULL,
  `store_id` int(11) NOT NULL DEFAULT '0',
  `firstname` varchar(32) NOT NULL,
  `lastname` varchar(32) NOT NULL,
  `email` varchar(96) NOT NULL,
  `telephone` varchar(32) NOT NULL,
  `fax` varchar(32) NOT NULL,
  `password` varchar(40) NOT NULL,
  `salt` varchar(9) NOT NULL,
  `cart` text,
  `wishlist` text,
  `newsletter` tinyint(1) NOT NULL DEFAULT '0',
  `address_id` int(11) NOT NULL DEFAULT '0',
  `custom_field` text NOT NULL,
  `ip` varchar(40) NOT NULL,
  `status` tinyint(1) NOT NULL,
  `approved` tinyint(1) NOT NULL,
  `safe` tinyint(1) NOT NULL,
  `token` text NOT NULL,
  `code` varchar(40) NOT NULL,
  `date_added` datetime NOT NULL,
  PRIMARY KEY (`customer_id`)
) ENGINE=MyISAM  DEFAULT CHARSET=utf8 AUTO_INCREMENT=2 ;

--
-- Дамп данных таблицы `customer`
--

INSERT INTO `customer` (`customer_id`, `customer_group_id`, `store_id`, `firstname`, `lastname`, `email`, `telephone`, `fax`, `password`, `salt`, `cart`, `wishlist`, `newsletter`, `address_id`, `custom_field`, `ip`, `status`, `approved`, `safe`, `token`, `code`, `date_added`) VALUES
(1, 1, 0, 'customer', 'lastname', 'customer@example.com', '+79247702520', '', '74f6817a369c0ac1b2aed93ae736f3967096d9aa', '2Rgp9TYDh', NULL, NULL, 0, 1, '[]', '175.204.191.182', 1, 1, 1, '', '', '2016-07-06 01:30:16');

-- --------------------------------------------------------

--
-- Структура таблицы `customer_activity`
--

CREATE TABLE IF NOT EXISTS `customer_activity` (
  `customer_activity_id` int(11) NOT NULL AUTO_INCREMENT,
  `customer_id` int(11) NOT NULL,
  `key` varchar(64) NOT NULL,
  `data` text NOT NULL,
  `ip` varchar(40) NOT NULL,
  `date_added` datetime NOT NULL,
  PRIMARY KEY (`customer_activity_id`)
) ENGINE=MyISAM  DEFAULT CHARSET=utf8 AUTO_INCREMENT=5 ;

--
-- Дамп данных таблицы `customer_activity`
--

INSERT INTO `customer_activity` (`customer_activity_id`, `customer_id`, `key`, `data`, `ip`, `date_added`) VALUES
(1, 1, 'login', '{"customer_id":"1","name":"customer lastname"}', '175.204.191.182', '2016-07-06 01:45:53'),
(2, 1, 'order_account', '{"customer_id":"1","name":"customer lastname","order_id":1}', '175.204.191.182', '2016-07-06 01:53:05'),
(3, 1, 'order_account', '{"customer_id":"1","name":"customer lastname","order_id":2}', '175.204.191.182', '2016-07-06 07:41:55'),
(4, 1, 'login', '{"customer_id":"1","name":"customer lastname"}', '175.204.191.182', '2016-07-10 05:14:51');

-- --------------------------------------------------------

--
-- Структура таблицы `customer_group`
--

CREATE TABLE IF NOT EXISTS `customer_group` (
  `customer_group_id` int(11) NOT NULL AUTO_INCREMENT,
  `approval` int(1) NOT NULL,
  `sort_order` int(3) NOT NULL,
  PRIMARY KEY (`customer_group_id`)
) ENGINE=MyISAM  DEFAULT CHARSET=utf8 AUTO_INCREMENT=2 ;

--
-- Дамп данных таблицы `customer_group`
--

INSERT INTO `customer_group` (`customer_group_id`, `approval`, `sort_order`) VALUES
(1, 0, 1);

-- --------------------------------------------------------

--
-- Структура таблицы `customer_group_description`
--

CREATE TABLE IF NOT EXISTS `customer_group_description` (
  `customer_group_id` int(11) NOT NULL,
  `language_id` int(11) NOT NULL,
  `name` varchar(32) NOT NULL,
  `description` text NOT NULL,
  PRIMARY KEY (`customer_group_id`,`language_id`)
) ENGINE=MyISAM DEFAULT CHARSET=utf8;

--
-- Дамп данных таблицы `customer_group_description`
--

INSERT INTO `customer_group_description` (`customer_group_id`, `language_id`, `name`, `description`) VALUES
(1, 1, 'Default', 'test');

-- --------------------------------------------------------

--
-- Структура таблицы `customer_history`
--

CREATE TABLE IF NOT EXISTS `customer_history` (
  `customer_history_id` int(11) NOT NULL AUTO_INCREMENT,
  `customer_id` int(11) NOT NULL,
  `comment` text NOT NULL,
  `date_added` datetime NOT NULL,
  PRIMARY KEY (`customer_history_id`)
) ENGINE=MyISAM DEFAULT CHARSET=utf8 AUTO_INCREMENT=1 ;

-- --------------------------------------------------------

--
-- Структура таблицы `customer_ip`
--

CREATE TABLE IF NOT EXISTS `customer_ip` (
  `customer_ip_id` int(11) NOT NULL AUTO_INCREMENT,
  `customer_id` int(11) NOT NULL,
  `ip` varchar(40) NOT NULL,
  `date_added` datetime NOT NULL,
  PRIMARY KEY (`customer_ip_id`),
  KEY `ip` (`ip`)
) ENGINE=MyISAM  DEFAULT CHARSET=utf8 AUTO_INCREMENT=4 ;

--
-- Дамп данных таблицы `customer_ip`
--

INSERT INTO `customer_ip` (`customer_ip_id`, `customer_id`, `ip`, `date_added`) VALUES
(1, 1, '175.204.191.182', '2016-07-06 01:45:53'),
(2, 1, '68.71.61.21', '2016-07-06 02:06:45'),
(3, 1, '142.0.201.38', '2016-07-06 02:07:03');

-- --------------------------------------------------------

--
-- Структура таблицы `customer_login`
--

CREATE TABLE IF NOT EXISTS `customer_login` (
  `customer_login_id` int(11) NOT NULL AUTO_INCREMENT,
  `email` varchar(96) NOT NULL,
  `ip` varchar(40) NOT NULL,
  `total` int(4) NOT NULL,
  `date_added` datetime NOT NULL,
  `date_modified` datetime NOT NULL,
  PRIMARY KEY (`customer_login_id`),
  KEY `email` (`email`),
  KEY `ip` (`ip`)
) ENGINE=MyISAM DEFAULT CHARSET=utf8 AUTO_INCREMENT=1 ;

-- --------------------------------------------------------

--
-- Структура таблицы `customer_online`
--

CREATE TABLE IF NOT EXISTS `customer_online` (
  `ip` varchar(40) NOT NULL,
  `customer_id` int(11) NOT NULL,
  `url` text NOT NULL,
  `referer` text NOT NULL,
  `date_added` datetime NOT NULL,
  PRIMARY KEY (`ip`)
) ENGINE=MyISAM DEFAULT CHARSET=utf8;

--
-- Дамп данных таблицы `customer_online`
--

INSERT INTO `customer_online` (`ip`, `customer_id`, `url`, `referer`, `date_added`) VALUES
('175.204.191.182', 0, 'http://paper.inmrkt.ru/index.php?route=common/home', 'http://paper.inmrkt.ru/', '2016-07-29 15:13:12');

-- --------------------------------------------------------

--
-- Структура таблицы `customer_reward`
--

CREATE TABLE IF NOT EXISTS `customer_reward` (
  `customer_reward_id` int(11) NOT NULL AUTO_INCREMENT,
  `customer_id` int(11) NOT NULL DEFAULT '0',
  `order_id` int(11) NOT NULL DEFAULT '0',
  `description` text NOT NULL,
  `points` int(8) NOT NULL DEFAULT '0',
  `date_added` datetime NOT NULL,
  PRIMARY KEY (`customer_reward_id`)
) ENGINE=MyISAM DEFAULT CHARSET=utf8 AUTO_INCREMENT=1 ;

-- --------------------------------------------------------

--
-- Структура таблицы `customer_transaction`
--

CREATE TABLE IF NOT EXISTS `customer_transaction` (
  `customer_transaction_id` int(11) NOT NULL AUTO_INCREMENT,
  `customer_id` int(11) NOT NULL,
  `order_id` int(11) NOT NULL,
  `description` text NOT NULL,
  `amount` decimal(15,4) NOT NULL,
  `date_added` datetime NOT NULL,
  PRIMARY KEY (`customer_transaction_id`)
) ENGINE=MyISAM DEFAULT CHARSET=utf8 AUTO_INCREMENT=1 ;

-- --------------------------------------------------------

--
-- Структура таблицы `customer_wishlist`
--

CREATE TABLE IF NOT EXISTS `customer_wishlist` (
  `customer_id` int(11) NOT NULL,
  `product_id` int(11) NOT NULL,
  `date_added` datetime NOT NULL,
  PRIMARY KEY (`customer_id`,`product_id`)
) ENGINE=MyISAM DEFAULT CHARSET=utf8;

-- --------------------------------------------------------

--
-- Структура таблицы `custom_field`
--

CREATE TABLE IF NOT EXISTS `custom_field` (
  `custom_field_id` int(11) NOT NULL AUTO_INCREMENT,
  `type` varchar(32) NOT NULL,
  `value` text NOT NULL,
  `validation` varchar(255) NOT NULL,
  `location` varchar(7) NOT NULL,
  `status` tinyint(1) NOT NULL,
  `sort_order` int(3) NOT NULL,
  PRIMARY KEY (`custom_field_id`)
) ENGINE=MyISAM DEFAULT CHARSET=utf8 AUTO_INCREMENT=1 ;

-- --------------------------------------------------------

--
-- Структура таблицы `custom_field_customer_group`
--

CREATE TABLE IF NOT EXISTS `custom_field_customer_group` (
  `custom_field_id` int(11) NOT NULL,
  `customer_group_id` int(11) NOT NULL,
  `required` tinyint(1) NOT NULL,
  PRIMARY KEY (`custom_field_id`,`customer_group_id`)
) ENGINE=MyISAM DEFAULT CHARSET=utf8;

-- --------------------------------------------------------

--
-- Структура таблицы `custom_field_description`
--

CREATE TABLE IF NOT EXISTS `custom_field_description` (
  `custom_field_id` int(11) NOT NULL,
  `language_id` int(11) NOT NULL,
  `name` varchar(128) NOT NULL,
  PRIMARY KEY (`custom_field_id`,`language_id`)
) ENGINE=MyISAM DEFAULT CHARSET=utf8;

-- --------------------------------------------------------

--
-- Структура таблицы `custom_field_value`
--

CREATE TABLE IF NOT EXISTS `custom_field_value` (
  `custom_field_value_id` int(11) NOT NULL AUTO_INCREMENT,
  `custom_field_id` int(11) NOT NULL,
  `sort_order` int(3) NOT NULL,
  PRIMARY KEY (`custom_field_value_id`)
) ENGINE=MyISAM DEFAULT CHARSET=utf8 AUTO_INCREMENT=1 ;

-- --------------------------------------------------------

--
-- Структура таблицы `custom_field_value_description`
--

CREATE TABLE IF NOT EXISTS `custom_field_value_description` (
  `custom_field_value_id` int(11) NOT NULL,
  `language_id` int(11) NOT NULL,
  `custom_field_id` int(11) NOT NULL,
  `name` varchar(128) NOT NULL,
  PRIMARY KEY (`custom_field_value_id`,`language_id`)
) ENGINE=MyISAM DEFAULT CHARSET=utf8;

-- --------------------------------------------------------

--
-- Структура таблицы `download`
--

CREATE TABLE IF NOT EXISTS `download` (
  `download_id` int(11) NOT NULL AUTO_INCREMENT,
  `filename` varchar(160) NOT NULL,
  `mask` varchar(128) NOT NULL,
  `date_added` datetime NOT NULL,
  `vendor_id` int(11) NOT NULL,
  PRIMARY KEY (`download_id`)
) ENGINE=MyISAM DEFAULT CHARSET=utf8 AUTO_INCREMENT=1 ;

-- --------------------------------------------------------

--
-- Структура таблицы `download_description`
--

CREATE TABLE IF NOT EXISTS `download_description` (
  `download_id` int(11) NOT NULL,
  `language_id` int(11) NOT NULL,
  `name` varchar(64) NOT NULL,
  PRIMARY KEY (`download_id`,`language_id`)
) ENGINE=MyISAM DEFAULT CHARSET=utf8;

-- --------------------------------------------------------

--
-- Структура таблицы `event`
--

CREATE TABLE IF NOT EXISTS `event` (
  `event_id` int(11) NOT NULL AUTO_INCREMENT,
  `code` varchar(32) NOT NULL,
  `trigger` text NOT NULL,
  `action` text NOT NULL,
  PRIMARY KEY (`event_id`)
) ENGINE=MyISAM  DEFAULT CHARSET=utf8 AUTO_INCREMENT=2 ;

--
-- Дамп данных таблицы `event`
--

INSERT INTO `event` (`event_id`, `code`, `trigger`, `action`) VALUES
(1, 'voucher', 'catalog/model/checkout/order/addHistory/after', 'total/voucher/send');

-- --------------------------------------------------------

--
-- Структура таблицы `extension`
--

CREATE TABLE IF NOT EXISTS `extension` (
  `extension_id` int(11) NOT NULL AUTO_INCREMENT,
  `type` varchar(32) NOT NULL,
  `code` varchar(32) NOT NULL,
  PRIMARY KEY (`extension_id`)
) ENGINE=MyISAM  DEFAULT CHARSET=utf8 AUTO_INCREMENT=26 ;

--
-- Дамп данных таблицы `extension`
--

INSERT INTO `extension` (`extension_id`, `type`, `code`) VALUES
(1, 'payment', 'cod'),
(2, 'total', 'shipping'),
(3, 'total', 'sub_total'),
(4, 'total', 'tax'),
(5, 'total', 'total'),
(6, 'module', 'banner'),
(7, 'module', 'carousel'),
(8, 'total', 'credit'),
(9, 'shipping', 'flat'),
(10, 'total', 'handling'),
(11, 'total', 'low_order_fee'),
(12, 'total', 'coupon'),
(13, 'module', 'category'),
(14, 'module', 'account'),
(15, 'total', 'reward'),
(16, 'total', 'voucher'),
(17, 'payment', 'free_checkout'),
(18, 'module', 'featured'),
(19, 'module', 'slideshow'),
(20, 'theme', 'theme_default'),
(21, 'module', 'filter'),
(23, 'module', 'paper_filter'),
(24, 'payment', 'bank_transfer'),
(25, 'payment', 'cheque');

-- --------------------------------------------------------

--
-- Структура таблицы `filter`
--

CREATE TABLE IF NOT EXISTS `filter` (
  `filter_id` int(11) NOT NULL AUTO_INCREMENT,
  `filter_group_id` int(11) NOT NULL,
  `sort_order` int(3) NOT NULL,
  PRIMARY KEY (`filter_id`)
) ENGINE=MyISAM  DEFAULT CHARSET=utf8 AUTO_INCREMENT=4 ;

--
-- Дамп данных таблицы `filter`
--

INSERT INTO `filter` (`filter_id`, `filter_group_id`, `sort_order`) VALUES
(2, 1, 0),
(1, 1, 0);

-- --------------------------------------------------------

--
-- Структура таблицы `filter_description`
--

CREATE TABLE IF NOT EXISTS `filter_description` (
  `filter_id` int(11) NOT NULL,
  `language_id` int(11) NOT NULL,
  `filter_group_id` int(11) NOT NULL,
  `name` varchar(64) NOT NULL,
  PRIMARY KEY (`filter_id`,`language_id`)
) ENGINE=MyISAM DEFAULT CHARSET=utf8;

--
-- Дамп данных таблицы `filter_description`
--

INSERT INTO `filter_description` (`filter_id`, `language_id`, `filter_group_id`, `name`) VALUES
(2, 1, 1, 'KOREXIM'),
(1, 1, 1, 'IPMA');

-- --------------------------------------------------------

--
-- Структура таблицы `filter_group`
--

CREATE TABLE IF NOT EXISTS `filter_group` (
  `filter_group_id` int(11) NOT NULL AUTO_INCREMENT,
  `sort_order` int(3) NOT NULL,
  PRIMARY KEY (`filter_group_id`)
) ENGINE=MyISAM  DEFAULT CHARSET=utf8 AUTO_INCREMENT=2 ;

--
-- Дамп данных таблицы `filter_group`
--

INSERT INTO `filter_group` (`filter_group_id`, `sort_order`) VALUES
(1, 0);

-- --------------------------------------------------------

--
-- Структура таблицы `filter_group_description`
--

CREATE TABLE IF NOT EXISTS `filter_group_description` (
  `filter_group_id` int(11) NOT NULL,
  `language_id` int(11) NOT NULL,
  `name` varchar(64) NOT NULL,
  PRIMARY KEY (`filter_group_id`,`language_id`)
) ENGINE=MyISAM DEFAULT CHARSET=utf8;

--
-- Дамп данных таблицы `filter_group_description`
--

INSERT INTO `filter_group_description` (`filter_group_id`, `language_id`, `name`) VALUES
(1, 1, 'Manufacurer');

-- --------------------------------------------------------

--
-- Структура таблицы `geo_zone`
--

CREATE TABLE IF NOT EXISTS `geo_zone` (
  `geo_zone_id` int(11) NOT NULL AUTO_INCREMENT,
  `name` varchar(32) NOT NULL,
  `description` varchar(255) NOT NULL,
  `date_modified` datetime NOT NULL,
  `date_added` datetime NOT NULL,
  PRIMARY KEY (`geo_zone_id`)
) ENGINE=MyISAM  DEFAULT CHARSET=utf8 AUTO_INCREMENT=7 ;

--
-- Дамп данных таблицы `geo_zone`
--

INSERT INTO `geo_zone` (`geo_zone_id`, `name`, `description`, `date_modified`, `date_added`) VALUES
(5, 'Delhi Geozone', 'Delhi Geozone Description', '0000-00-00 00:00:00', '2016-07-10 05:06:58'),
(6, 'Imphal Geozone', 'Imphal Geozone Description', '0000-00-00 00:00:00', '2016-07-10 05:07:30');

-- --------------------------------------------------------

--
-- Структура таблицы `information`
--

CREATE TABLE IF NOT EXISTS `information` (
  `information_id` int(11) NOT NULL AUTO_INCREMENT,
  `bottom` int(1) NOT NULL DEFAULT '0',
  `sort_order` int(3) NOT NULL DEFAULT '0',
  `status` tinyint(1) NOT NULL DEFAULT '1',
  `vendor_id` int(11) NOT NULL,
  PRIMARY KEY (`information_id`)
) ENGINE=MyISAM  DEFAULT CHARSET=utf8 AUTO_INCREMENT=7 ;

--
-- Дамп данных таблицы `information`
--

INSERT INTO `information` (`information_id`, `bottom`, `sort_order`, `status`, `vendor_id`) VALUES
(3, 1, 3, 1, 0),
(4, 1, 1, 1, 0),
(5, 1, 4, 1, 0),
(6, 1, 2, 1, 0);

-- --------------------------------------------------------

--
-- Структура таблицы `information_description`
--

CREATE TABLE IF NOT EXISTS `information_description` (
  `information_id` int(11) NOT NULL,
  `language_id` int(11) NOT NULL,
  `title` varchar(64) NOT NULL,
  `description` text NOT NULL,
  `meta_title` varchar(255) NOT NULL,
  `meta_description` varchar(255) NOT NULL,
  `meta_keyword` varchar(255) NOT NULL,
  PRIMARY KEY (`information_id`,`language_id`)
) ENGINE=MyISAM DEFAULT CHARSET=utf8;

--
-- Дамп данных таблицы `information_description`
--

INSERT INTO `information_description` (`information_id`, `language_id`, `title`, `description`, `meta_title`, `meta_description`, `meta_keyword`) VALUES
(4, 1, 'About Us', '&lt;p&gt;\r\n	About Us&lt;/p&gt;\r\n', 'About Us', '', ''),
(5, 1, 'Terms &amp; Conditions', '&lt;p&gt;\r\n	Terms &amp;amp; Conditions&lt;/p&gt;\r\n', 'Terms &amp; Conditions', '', ''),
(3, 1, 'Privacy Policy', '&lt;p&gt;\r\n	Privacy Policy&lt;/p&gt;\r\n', 'Privacy Policy', '', ''),
(6, 1, 'Delivery Information', '&lt;p&gt;\r\n	Delivery Information&lt;/p&gt;\r\n', 'Delivery Information', '', '');

-- --------------------------------------------------------

--
-- Структура таблицы `information_to_layout`
--

CREATE TABLE IF NOT EXISTS `information_to_layout` (
  `information_id` int(11) NOT NULL,
  `store_id` int(11) NOT NULL,
  `layout_id` int(11) NOT NULL,
  PRIMARY KEY (`information_id`,`store_id`)
) ENGINE=MyISAM DEFAULT CHARSET=utf8;

-- --------------------------------------------------------

--
-- Структура таблицы `information_to_store`
--

CREATE TABLE IF NOT EXISTS `information_to_store` (
  `information_id` int(11) NOT NULL,
  `store_id` int(11) NOT NULL,
  PRIMARY KEY (`information_id`,`store_id`)
) ENGINE=MyISAM DEFAULT CHARSET=utf8;

--
-- Дамп данных таблицы `information_to_store`
--

INSERT INTO `information_to_store` (`information_id`, `store_id`) VALUES
(3, 0),
(4, 0),
(5, 0),
(6, 0);

-- --------------------------------------------------------

--
-- Структура таблицы `language`
--

CREATE TABLE IF NOT EXISTS `language` (
  `language_id` int(11) NOT NULL AUTO_INCREMENT,
  `name` varchar(32) NOT NULL,
  `code` varchar(5) NOT NULL,
  `locale` varchar(255) NOT NULL,
  `image` varchar(64) NOT NULL,
  `directory` varchar(32) NOT NULL,
  `sort_order` int(3) NOT NULL DEFAULT '0',
  `status` tinyint(1) NOT NULL,
  PRIMARY KEY (`language_id`),
  KEY `name` (`name`)
) ENGINE=MyISAM  DEFAULT CHARSET=utf8 AUTO_INCREMENT=2 ;

--
-- Дамп данных таблицы `language`
--

INSERT INTO `language` (`language_id`, `name`, `code`, `locale`, `image`, `directory`, `sort_order`, `status`) VALUES
(1, 'English', 'en-gb', 'en_US.UTF-8,en_US,en-gb,english', 'gb.png', 'english', 1, 1);

-- --------------------------------------------------------

--
-- Структура таблицы `layout`
--

CREATE TABLE IF NOT EXISTS `layout` (
  `layout_id` int(11) NOT NULL AUTO_INCREMENT,
  `name` varchar(64) NOT NULL,
  PRIMARY KEY (`layout_id`)
) ENGINE=MyISAM  DEFAULT CHARSET=utf8 AUTO_INCREMENT=14 ;

--
-- Дамп данных таблицы `layout`
--

INSERT INTO `layout` (`layout_id`, `name`) VALUES
(1, 'Home'),
(2, 'Product'),
(3, 'Category'),
(4, 'Default'),
(5, 'Manufacturer'),
(6, 'Account'),
(7, 'Checkout'),
(8, 'Contact'),
(9, 'Sitemap'),
(10, 'Affiliate'),
(11, 'Information'),
(12, 'Compare'),
(13, 'Search');

-- --------------------------------------------------------

--
-- Структура таблицы `layout_module`
--

CREATE TABLE IF NOT EXISTS `layout_module` (
  `layout_module_id` int(11) NOT NULL AUTO_INCREMENT,
  `layout_id` int(11) NOT NULL,
  `code` varchar(64) NOT NULL,
  `position` varchar(14) NOT NULL,
  `sort_order` int(3) NOT NULL,
  PRIMARY KEY (`layout_module_id`)
) ENGINE=MyISAM  DEFAULT CHARSET=utf8 AUTO_INCREMENT=106 ;

--
-- Дамп данных таблицы `layout_module`
--

INSERT INTO `layout_module` (`layout_module_id`, `layout_id`, `code`, `position`, `sort_order`) VALUES
(2, 4, '0', 'content_top', 0),
(3, 4, '0', 'content_top', 1),
(20, 5, '0', 'column_left', 2),
(69, 10, 'affiliate', 'column_right', 1),
(68, 6, 'account', 'column_right', 1),
(105, 1, 'paper_filter', 'content_top', 0),
(104, 1, 'category', 'column_left', 0),
(85, 3, 'paper_filter', 'content_top', 0),
(84, 3, 'category', 'column_left', 0),
(95, 13, 'category', 'column_left', 1),
(94, 13, 'paper_filter', 'content_top', 0);

-- --------------------------------------------------------

--
-- Структура таблицы `layout_route`
--

CREATE TABLE IF NOT EXISTS `layout_route` (
  `layout_route_id` int(11) NOT NULL AUTO_INCREMENT,
  `layout_id` int(11) NOT NULL,
  `store_id` int(11) NOT NULL,
  `route` varchar(255) NOT NULL,
  PRIMARY KEY (`layout_route_id`)
) ENGINE=MyISAM  DEFAULT CHARSET=utf8 AUTO_INCREMENT=73 ;

--
-- Дамп данных таблицы `layout_route`
--

INSERT INTO `layout_route` (`layout_route_id`, `layout_id`, `store_id`, `route`) VALUES
(38, 6, 0, 'account/%'),
(17, 10, 0, 'affiliate/%'),
(62, 3, 0, 'product/category'),
(72, 1, 0, 'common/home'),
(20, 2, 0, 'product/product'),
(24, 11, 0, 'information/information'),
(23, 7, 0, 'checkout/%'),
(31, 8, 0, 'information/contact'),
(32, 9, 0, 'information/sitemap'),
(34, 4, 0, ''),
(45, 5, 0, 'product/manufacturer'),
(52, 12, 0, 'product/compare'),
(67, 13, 0, 'product/search');

-- --------------------------------------------------------

--
-- Структура таблицы `length_class`
--

CREATE TABLE IF NOT EXISTS `length_class` (
  `length_class_id` int(11) NOT NULL AUTO_INCREMENT,
  `value` decimal(15,8) NOT NULL,
  PRIMARY KEY (`length_class_id`)
) ENGINE=MyISAM  DEFAULT CHARSET=utf8 AUTO_INCREMENT=4 ;

--
-- Дамп данных таблицы `length_class`
--

INSERT INTO `length_class` (`length_class_id`, `value`) VALUES
(1, '1.00000000'),
(2, '10.00000000'),
(3, '0.39370100');

-- --------------------------------------------------------

--
-- Структура таблицы `length_class_description`
--

CREATE TABLE IF NOT EXISTS `length_class_description` (
  `length_class_id` int(11) NOT NULL,
  `language_id` int(11) NOT NULL,
  `title` varchar(32) NOT NULL,
  `unit` varchar(4) NOT NULL,
  PRIMARY KEY (`length_class_id`,`language_id`)
) ENGINE=MyISAM DEFAULT CHARSET=utf8;

--
-- Дамп данных таблицы `length_class_description`
--

INSERT INTO `length_class_description` (`length_class_id`, `language_id`, `title`, `unit`) VALUES
(1, 1, 'Centimeter', 'cm'),
(2, 1, 'Millimeter', 'mm'),
(3, 1, 'Inch', 'in');

-- --------------------------------------------------------

--
-- Структура таблицы `location`
--

CREATE TABLE IF NOT EXISTS `location` (
  `location_id` int(11) NOT NULL AUTO_INCREMENT,
  `name` varchar(32) NOT NULL,
  `address` text NOT NULL,
  `telephone` varchar(32) NOT NULL,
  `fax` varchar(32) NOT NULL,
  `geocode` varchar(32) NOT NULL,
  `image` varchar(255) DEFAULT NULL,
  `open` text NOT NULL,
  `comment` text NOT NULL,
  PRIMARY KEY (`location_id`),
  KEY `name` (`name`)
) ENGINE=MyISAM DEFAULT CHARSET=utf8 AUTO_INCREMENT=1 ;

-- --------------------------------------------------------

--
-- Структура таблицы `manufacturer`
--

CREATE TABLE IF NOT EXISTS `manufacturer` (
  `manufacturer_id` int(11) NOT NULL AUTO_INCREMENT,
  `name` varchar(64) NOT NULL,
  `image` varchar(255) DEFAULT NULL,
  `sort_order` int(3) NOT NULL,
  PRIMARY KEY (`manufacturer_id`)
) ENGINE=MyISAM  DEFAULT CHARSET=utf8 AUTO_INCREMENT=11 ;

--
-- Дамп данных таблицы `manufacturer`
--

INSERT INTO `manufacturer` (`manufacturer_id`, `name`, `image`, `sort_order`) VALUES
(5, 'HTC', 'catalog/demo/htc_logo.jpg', 0),
(6, 'Palm', 'catalog/demo/palm_logo.jpg', 0),
(7, 'Hewlett-Packard', 'catalog/demo/hp_logo.jpg', 0),
(8, 'Apple', 'catalog/demo/apple_logo.jpg', 0),
(9, 'Canon', 'catalog/demo/canon_logo.jpg', 0),
(10, 'Sony', 'catalog/demo/sony_logo.jpg', 0);

-- --------------------------------------------------------

--
-- Структура таблицы `manufacturer_to_store`
--

CREATE TABLE IF NOT EXISTS `manufacturer_to_store` (
  `manufacturer_id` int(11) NOT NULL,
  `store_id` int(11) NOT NULL,
  PRIMARY KEY (`manufacturer_id`,`store_id`)
) ENGINE=MyISAM DEFAULT CHARSET=utf8;

--
-- Дамп данных таблицы `manufacturer_to_store`
--

INSERT INTO `manufacturer_to_store` (`manufacturer_id`, `store_id`) VALUES
(5, 0),
(6, 0),
(7, 0),
(8, 0),
(9, 0),
(10, 0);

-- --------------------------------------------------------

--
-- Структура таблицы `marketing`
--

CREATE TABLE IF NOT EXISTS `marketing` (
  `marketing_id` int(11) NOT NULL AUTO_INCREMENT,
  `name` varchar(32) NOT NULL,
  `description` text NOT NULL,
  `code` varchar(64) NOT NULL,
  `clicks` int(5) NOT NULL DEFAULT '0',
  `date_added` datetime NOT NULL,
  PRIMARY KEY (`marketing_id`)
) ENGINE=MyISAM DEFAULT CHARSET=utf8 AUTO_INCREMENT=1 ;

-- --------------------------------------------------------

--
-- Структура таблицы `modification`
--

CREATE TABLE IF NOT EXISTS `modification` (
  `modification_id` int(11) NOT NULL AUTO_INCREMENT,
  `name` varchar(64) NOT NULL,
  `code` varchar(64) NOT NULL,
  `author` varchar(64) NOT NULL,
  `version` varchar(32) NOT NULL,
  `link` varchar(255) NOT NULL,
  `xml` mediumtext NOT NULL,
  `status` tinyint(1) NOT NULL,
  `date_added` datetime NOT NULL,
  PRIMARY KEY (`modification_id`)
) ENGINE=MyISAM  DEFAULT CHARSET=utf8 AUTO_INCREMENT=45 ;

--
-- Дамп данных таблицы `modification`
--

INSERT INTO `modification` (`modification_id`, `name`, `code`, `author`, `version`, `link`, `xml`, `status`, `date_added`) VALUES
(44, 'Import/Export CSV', 'DotboxImportExportCSV2', 'Dotbox Creative (modified by dk.pochtamp@gmail.com)', '2.2 (from 1.7)', 'http://dotboxcreative.com/', '﻿<modification>\r\n	<name>Import/Export CSV</name>\r\n	<code>DotboxImportExportCSV2</code>\r\n	<version>2.2 (from 1.7)</version>\r\n	<author>Dotbox Creative (modified by dk.pochtamp@gmail.com)</author>\r\n	<link>http://dotboxcreative.com/</link>\r\n	<file path="admin/language/en-gb/common/header.php">\r\n        <operation>\r\n            <search><![CDATA[\r\n       			$_[''text_affiliate'']\r\n            ]]></search>\r\n            <add position="before"><![CDATA[\r\n				$_[''text_csv_menu'']     = ''CSV Import/Export'';\r\n            ]]></add>\r\n        </operation>\r\n	</file>\r\n	<file path="admin/controller/common/menu.php">\r\n        <operation error="skip">\r\n            <search><![CDATA[\r\n       			$data[''text_backup''] = $this->language->get(''text_backup'');\r\n            ]]></search>\r\n            <add position="before"><![CDATA[\r\n				$data[''text_csv_menu''] = $this->language->get(''text_csv_menu'');\r\n            ]]></add>\r\n        </operation>\r\n		<operation error="skip">\r\n            <search><![CDATA[\r\n       			$data[''backup''] = $this->url->link\r\n            ]]></search>\r\n            <add position="before"><![CDATA[\r\n				$data[''csv_b''] = $this->url->link(''tool/csv'', ''token='' . $this->session->data[''token''], ''SSL'');\r\n            ]]></add>\r\n        </operation>\r\n	</file>\r\n	<file path="admin/view/template/common/menu.tpl">\r\n        <operation error="skip">\r\n            <search><![CDATA[\r\n       			<li><a href="<?php echo $backup; ?>"><?php echo $text_backup; ?></a></li>\r\n            ]]></search>\r\n            <add position="after"><![CDATA[\r\n				<li><a href="<?php echo $csv_b; ?>"><?php echo $text_csv_menu; ?></a></li>\r\n            ]]></add>\r\n        </operation>\r\n	</file>\r\n    <file path="admin/controller/user/user_permission.php">\r\n        <operation>\r\n            <search><![CDATA[if (isset($this->request->post[''permission''][''access'']))]]></search>\r\n            <add position="before"><![CDATA[\r\n        if (!in_array($permission, $ignore)) {$data[''permissions''][] = ''tool/csv_erase'';}\r\n            ]]></add>\r\n        </operation>\r\n    </file>\r\n</modification>\r\n', 1, '2016-07-10 01:39:14');

-- --------------------------------------------------------

--
-- Структура таблицы `module`
--

CREATE TABLE IF NOT EXISTS `module` (
  `module_id` int(11) NOT NULL AUTO_INCREMENT,
  `name` varchar(64) NOT NULL,
  `code` varchar(32) NOT NULL,
  `setting` text NOT NULL,
  PRIMARY KEY (`module_id`)
) ENGINE=MyISAM  DEFAULT CHARSET=utf8 AUTO_INCREMENT=32 ;

--
-- Дамп данных таблицы `module`
--

INSERT INTO `module` (`module_id`, `name`, `code`, `setting`) VALUES
(30, 'Category', 'banner', '{"name":"Category","banner_id":"6","width":"182","height":"182","status":"1"}'),
(29, 'Home Page', 'carousel', '{"name":"Home Page","banner_id":"8","width":"130","height":"100","status":"1"}'),
(28, 'Home Page', 'featured', '{"name":"Home Page","product":["43","40","42","30"],"limit":"4","width":"200","height":"200","status":"1"}'),
(27, 'Home Page', 'slideshow', '{"name":"Home Page","banner_id":"7","width":"1140","height":"380","status":"1"}'),
(31, 'Banner 1', 'banner', '{"name":"Banner 1","banner_id":"6","width":"182","height":"182","status":"1"}');

-- --------------------------------------------------------

--
-- Структура таблицы `option`
--

CREATE TABLE IF NOT EXISTS `option` (
  `option_id` int(11) NOT NULL AUTO_INCREMENT,
  `type` varchar(32) NOT NULL,
  `sort_order` int(3) NOT NULL,
  `vendor_id` int(11) NOT NULL,
  PRIMARY KEY (`option_id`)
) ENGINE=MyISAM  DEFAULT CHARSET=utf8 AUTO_INCREMENT=13 ;

--
-- Дамп данных таблицы `option`
--

INSERT INTO `option` (`option_id`, `type`, `sort_order`, `vendor_id`) VALUES
(1, 'radio', 1, 0),
(2, 'checkbox', 2, 0),
(4, 'text', 3, 0),
(5, 'select', 4, 0),
(6, 'textarea', 5, 0),
(7, 'file', 6, 0),
(8, 'date', 7, 0),
(9, 'time', 8, 0),
(10, 'datetime', 9, 0),
(11, 'select', 10, 0),
(12, 'date', 11, 0);

-- --------------------------------------------------------

--
-- Структура таблицы `option_description`
--

CREATE TABLE IF NOT EXISTS `option_description` (
  `option_id` int(11) NOT NULL,
  `language_id` int(11) NOT NULL,
  `name` varchar(128) NOT NULL,
  PRIMARY KEY (`option_id`,`language_id`)
) ENGINE=MyISAM DEFAULT CHARSET=utf8;

--
-- Дамп данных таблицы `option_description`
--

INSERT INTO `option_description` (`option_id`, `language_id`, `name`) VALUES
(1, 1, 'Radio'),
(2, 1, 'Checkbox'),
(4, 1, 'Text'),
(6, 1, 'Textarea'),
(8, 1, 'Date'),
(7, 1, 'File'),
(5, 1, 'Select'),
(9, 1, 'Time'),
(10, 1, 'Date &amp; Time'),
(12, 1, 'Delivery Date'),
(11, 1, 'Size');

-- --------------------------------------------------------

--
-- Структура таблицы `option_value`
--

CREATE TABLE IF NOT EXISTS `option_value` (
  `option_value_id` int(11) NOT NULL AUTO_INCREMENT,
  `option_id` int(11) NOT NULL,
  `image` varchar(255) NOT NULL,
  `sort_order` int(3) NOT NULL,
  PRIMARY KEY (`option_value_id`)
) ENGINE=MyISAM  DEFAULT CHARSET=utf8 AUTO_INCREMENT=49 ;

--
-- Дамп данных таблицы `option_value`
--

INSERT INTO `option_value` (`option_value_id`, `option_id`, `image`, `sort_order`) VALUES
(43, 1, '', 3),
(32, 1, '', 1),
(45, 2, '', 4),
(44, 2, '', 3),
(42, 5, '', 4),
(41, 5, '', 3),
(40, 5, '', 2),
(39, 5, '', 1),
(31, 1, '', 2),
(23, 2, '', 1),
(24, 2, '', 2),
(46, 11, '', 1),
(47, 11, '', 2),
(48, 11, '', 3);

-- --------------------------------------------------------

--
-- Структура таблицы `option_value_description`
--

CREATE TABLE IF NOT EXISTS `option_value_description` (
  `option_value_id` int(11) NOT NULL,
  `language_id` int(11) NOT NULL,
  `option_id` int(11) NOT NULL,
  `name` varchar(128) NOT NULL,
  PRIMARY KEY (`option_value_id`,`language_id`)
) ENGINE=MyISAM DEFAULT CHARSET=utf8;

--
-- Дамп данных таблицы `option_value_description`
--

INSERT INTO `option_value_description` (`option_value_id`, `language_id`, `option_id`, `name`) VALUES
(43, 1, 1, 'Large'),
(32, 1, 1, 'Small'),
(45, 1, 2, 'Checkbox 4'),
(44, 1, 2, 'Checkbox 3'),
(31, 1, 1, 'Medium'),
(42, 1, 5, 'pcs'),
(41, 1, 5, 'oz'),
(40, 1, 5, 'gr'),
(39, 1, 5, 'kg'),
(23, 1, 2, 'Checkbox 1'),
(24, 1, 2, 'Checkbox 2'),
(48, 1, 11, 'Large'),
(47, 1, 11, 'Medium'),
(46, 1, 11, 'Small');

-- --------------------------------------------------------

--
-- Структура таблицы `order`
--

CREATE TABLE IF NOT EXISTS `order` (
  `order_id` int(11) NOT NULL AUTO_INCREMENT,
  `invoice_no` int(11) NOT NULL DEFAULT '0',
  `invoice_prefix` varchar(26) NOT NULL,
  `store_id` int(11) NOT NULL DEFAULT '0',
  `store_name` varchar(64) NOT NULL,
  `store_url` varchar(255) NOT NULL,
  `customer_id` int(11) NOT NULL DEFAULT '0',
  `customer_group_id` int(11) NOT NULL DEFAULT '0',
  `firstname` varchar(32) NOT NULL,
  `lastname` varchar(32) NOT NULL,
  `email` varchar(96) NOT NULL,
  `telephone` varchar(32) NOT NULL,
  `fax` varchar(32) NOT NULL,
  `custom_field` text NOT NULL,
  `payment_firstname` varchar(32) NOT NULL,
  `payment_lastname` varchar(32) NOT NULL,
  `payment_company` varchar(40) NOT NULL,
  `payment_address_1` varchar(128) NOT NULL,
  `payment_address_2` varchar(128) NOT NULL,
  `payment_city` varchar(128) NOT NULL,
  `payment_postcode` varchar(10) NOT NULL,
  `payment_country` varchar(128) NOT NULL,
  `payment_country_id` int(11) NOT NULL,
  `payment_zone` varchar(128) NOT NULL,
  `payment_zone_id` int(11) NOT NULL,
  `payment_address_format` text NOT NULL,
  `payment_custom_field` text NOT NULL,
  `payment_method` varchar(128) NOT NULL,
  `payment_code` varchar(128) NOT NULL,
  `shipping_firstname` varchar(32) NOT NULL,
  `shipping_lastname` varchar(32) NOT NULL,
  `shipping_company` varchar(40) NOT NULL,
  `shipping_address_1` varchar(128) NOT NULL,
  `shipping_address_2` varchar(128) NOT NULL,
  `shipping_city` varchar(128) NOT NULL,
  `shipping_postcode` varchar(10) NOT NULL,
  `shipping_country` varchar(128) NOT NULL,
  `shipping_country_id` int(11) NOT NULL,
  `shipping_zone` varchar(128) NOT NULL,
  `shipping_zone_id` int(11) NOT NULL,
  `shipping_address_format` text NOT NULL,
  `shipping_custom_field` text NOT NULL,
  `shipping_method` varchar(128) NOT NULL,
  `shipping_code` varchar(128) NOT NULL,
  `comment` text NOT NULL,
  `total` decimal(15,4) NOT NULL DEFAULT '0.0000',
  `order_status_id` int(11) NOT NULL DEFAULT '0',
  `affiliate_id` int(11) NOT NULL,
  `commission` decimal(15,4) NOT NULL,
  `marketing_id` int(11) NOT NULL,
  `tracking` varchar(64) NOT NULL,
  `language_id` int(11) NOT NULL,
  `currency_id` int(11) NOT NULL,
  `currency_code` varchar(3) NOT NULL,
  `currency_value` decimal(15,8) NOT NULL DEFAULT '1.00000000',
  `ip` varchar(40) NOT NULL,
  `forwarded_ip` varchar(40) NOT NULL,
  `user_agent` varchar(255) NOT NULL,
  `accept_language` varchar(255) NOT NULL,
  `date_added` datetime NOT NULL,
  `date_modified` datetime NOT NULL,
  PRIMARY KEY (`order_id`)
) ENGINE=MyISAM  DEFAULT CHARSET=utf8 AUTO_INCREMENT=3 ;

--
-- Дамп данных таблицы `order`
--

INSERT INTO `order` (`order_id`, `invoice_no`, `invoice_prefix`, `store_id`, `store_name`, `store_url`, `customer_id`, `customer_group_id`, `firstname`, `lastname`, `email`, `telephone`, `fax`, `custom_field`, `payment_firstname`, `payment_lastname`, `payment_company`, `payment_address_1`, `payment_address_2`, `payment_city`, `payment_postcode`, `payment_country`, `payment_country_id`, `payment_zone`, `payment_zone_id`, `payment_address_format`, `payment_custom_field`, `payment_method`, `payment_code`, `shipping_firstname`, `shipping_lastname`, `shipping_company`, `shipping_address_1`, `shipping_address_2`, `shipping_city`, `shipping_postcode`, `shipping_country`, `shipping_country_id`, `shipping_zone`, `shipping_zone_id`, `shipping_address_format`, `shipping_custom_field`, `shipping_method`, `shipping_code`, `comment`, `total`, `order_status_id`, `affiliate_id`, `commission`, `marketing_id`, `tracking`, `language_id`, `currency_id`, `currency_code`, `currency_value`, `ip`, `forwarded_ip`, `user_agent`, `accept_language`, `date_added`, `date_modified`) VALUES
(1, 1, 'INV-2016-00', 0, 'MyPaperCart', 'http://paper.inmrkt.ru/', 1, 1, 'customer', 'lastname', 'customer@example.com', '+79247702520', '', '[]', 'customer', 'lastname', '', 'Janpath, 12', '', 'New Delhi', '', 'India', 99, 'Delhi', 1483, '', '[]', 'Cash On Delivery', 'cod', '', '', '', '', '', '', '', '', 0, '', 0, '', '[]', '', '', '', '598.0000', 1, 0, '0.0000', 0, '', 1, 4, 'INR', '1.00000000', '175.204.191.182', '175.204.191.182', 'Mozilla/5.0 (Windows NT 6.3; Win64; x64) AppleWebKit/537.36 (KHTML, like Gecko) Chrome/53.0.2756.0 Safari/537.36 OPR/40.0.2267.0 (Edition developer)', 'ru,en;q=0.8', '2016-07-06 01:53:02', '2016-07-06 01:53:05'),
(2, 2, 'INV-2016-00', 0, 'MyPaperCart', 'http://paper.inmrkt.ru/', 1, 1, 'customer', 'lastname', 'customer@example.com', '+79247702520', '', '[]', 'customer', 'lastname', '', 'Janpath, 12', '', 'New Delhi', '', 'India', 99, 'Delhi', 1483, '', '[]', 'Cash On Delivery', 'cod', '', '', '', '', '', '', '', '', 0, '', 0, '', '[]', '', '', '', '897.0000', 1, 0, '0.0000', 0, '', 1, 4, 'INR', '1.00000000', '175.204.191.182', '175.204.191.182', 'Mozilla/5.0 (Windows NT 6.3; Win64; x64) AppleWebKit/537.36 (KHTML, like Gecko) Chrome/53.0.2756.0 Safari/537.36 OPR/40.0.2267.0 (Edition developer)', 'ru,en;q=0.8', '2016-07-06 07:41:53', '2016-07-06 07:41:54');

-- --------------------------------------------------------

--
-- Структура таблицы `order_custom_field`
--

CREATE TABLE IF NOT EXISTS `order_custom_field` (
  `order_custom_field_id` int(11) NOT NULL AUTO_INCREMENT,
  `order_id` int(11) NOT NULL,
  `custom_field_id` int(11) NOT NULL,
  `custom_field_value_id` int(11) NOT NULL,
  `name` varchar(255) NOT NULL,
  `value` text NOT NULL,
  `type` varchar(32) NOT NULL,
  `location` varchar(16) NOT NULL,
  PRIMARY KEY (`order_custom_field_id`)
) ENGINE=MyISAM DEFAULT CHARSET=utf8 AUTO_INCREMENT=1 ;

-- --------------------------------------------------------

--
-- Структура таблицы `order_history`
--

CREATE TABLE IF NOT EXISTS `order_history` (
  `order_history_id` int(11) NOT NULL AUTO_INCREMENT,
  `order_id` int(11) NOT NULL,
  `order_status_id` int(11) NOT NULL,
  `notify` tinyint(1) NOT NULL DEFAULT '0',
  `comment` text NOT NULL,
  `date_added` datetime NOT NULL,
  `vendor_id` int(11) NOT NULL,
  PRIMARY KEY (`order_history_id`)
) ENGINE=MyISAM  DEFAULT CHARSET=utf8 AUTO_INCREMENT=3 ;

--
-- Дамп данных таблицы `order_history`
--

INSERT INTO `order_history` (`order_history_id`, `order_id`, `order_status_id`, `notify`, `comment`, `date_added`, `vendor_id`) VALUES
(1, 1, 1, 0, '', '2016-07-06 01:53:05', 0),
(2, 2, 1, 0, '', '2016-07-06 07:41:54', 0);

-- --------------------------------------------------------

--
-- Структура таблицы `order_option`
--

CREATE TABLE IF NOT EXISTS `order_option` (
  `order_option_id` int(11) NOT NULL AUTO_INCREMENT,
  `order_id` int(11) NOT NULL,
  `order_product_id` int(11) NOT NULL,
  `product_option_id` int(11) NOT NULL,
  `product_option_value_id` int(11) NOT NULL DEFAULT '0',
  `name` varchar(255) NOT NULL,
  `value` text NOT NULL,
  `type` varchar(32) NOT NULL,
  PRIMARY KEY (`order_option_id`)
) ENGINE=MyISAM DEFAULT CHARSET=utf8 AUTO_INCREMENT=1 ;

-- --------------------------------------------------------

--
-- Структура таблицы `order_product`
--

CREATE TABLE IF NOT EXISTS `order_product` (
  `order_product_id` int(11) NOT NULL AUTO_INCREMENT,
  `order_id` int(11) NOT NULL,
  `product_id` int(11) NOT NULL,
  `name` varchar(255) NOT NULL,
  `model` varchar(64) NOT NULL,
  `quantity` int(4) NOT NULL,
  `price` decimal(15,4) NOT NULL DEFAULT '0.0000',
  `total` decimal(15,4) NOT NULL DEFAULT '0.0000',
  `tax` decimal(15,4) NOT NULL DEFAULT '0.0000',
  `reward` int(8) NOT NULL,
  `vendor_id` int(11) NOT NULL,
  `order_status_id` int(11) NOT NULL DEFAULT '0',
  `commission` decimal(15,4) NOT NULL DEFAULT '0.0000',
  `store_tax` decimal(15,4) NOT NULL DEFAULT '0.0000',
  `vendor_tax` decimal(15,4) NOT NULL DEFAULT '0.0000',
  `vendor_total` decimal(15,4) NOT NULL DEFAULT '0.0000',
  `vendor_paid_status` tinyint(1) NOT NULL DEFAULT '0',
  `title` varchar(255) CHARACTER SET utf8 COLLATE utf8_bin NOT NULL,
  PRIMARY KEY (`order_product_id`)
) ENGINE=MyISAM  DEFAULT CHARSET=utf8 AUTO_INCREMENT=3 ;

--
-- Дамп данных таблицы `order_product`
--

INSERT INTO `order_product` (`order_product_id`, `order_id`, `product_id`, `name`, `model`, `quantity`, `price`, `total`, `tax`, `reward`, `vendor_id`, `order_status_id`, `commission`, `store_tax`, `vendor_tax`, `vendor_total`, `vendor_paid_status`, `title`) VALUES
(1, 1, 50, 'mReel A3', 'mReel A3', 2, '299.0000', '598.0000', '0.0000', 0, 3, 1, '0.0000', '0.0000', '0.0000', '598.0000', 0, '(0.00) Commission'),
(2, 2, 50, 'vReel A3', 'vReel A3', 3, '299.0000', '897.0000', '0.0000', 0, 3, 1, '0.0000', '0.0000', '0.0000', '897.0000', 0, '(0.00) Commission');

-- --------------------------------------------------------

--
-- Структура таблицы `order_recurring`
--

CREATE TABLE IF NOT EXISTS `order_recurring` (
  `order_recurring_id` int(11) NOT NULL AUTO_INCREMENT,
  `order_id` int(11) NOT NULL,
  `reference` varchar(255) NOT NULL,
  `product_id` int(11) NOT NULL,
  `product_name` varchar(255) NOT NULL,
  `product_quantity` int(11) NOT NULL,
  `recurring_id` int(11) NOT NULL,
  `recurring_name` varchar(255) NOT NULL,
  `recurring_description` varchar(255) NOT NULL,
  `recurring_frequency` varchar(25) NOT NULL,
  `recurring_cycle` smallint(6) NOT NULL,
  `recurring_duration` smallint(6) NOT NULL,
  `recurring_price` decimal(10,4) NOT NULL,
  `trial` tinyint(1) NOT NULL,
  `trial_frequency` varchar(25) NOT NULL,
  `trial_cycle` smallint(6) NOT NULL,
  `trial_duration` smallint(6) NOT NULL,
  `trial_price` decimal(10,4) NOT NULL,
  `status` tinyint(4) NOT NULL,
  `date_added` datetime NOT NULL,
  PRIMARY KEY (`order_recurring_id`)
) ENGINE=MyISAM DEFAULT CHARSET=utf8 AUTO_INCREMENT=1 ;

-- --------------------------------------------------------

--
-- Структура таблицы `order_recurring_transaction`
--

CREATE TABLE IF NOT EXISTS `order_recurring_transaction` (
  `order_recurring_transaction_id` int(11) NOT NULL AUTO_INCREMENT,
  `order_recurring_id` int(11) NOT NULL,
  `reference` varchar(255) NOT NULL,
  `type` varchar(255) NOT NULL,
  `amount` decimal(10,4) NOT NULL,
  `date_added` datetime NOT NULL,
  PRIMARY KEY (`order_recurring_transaction_id`)
) ENGINE=MyISAM DEFAULT CHARSET=utf8 AUTO_INCREMENT=1 ;

-- --------------------------------------------------------

--
-- Структура таблицы `order_shipping`
--

CREATE TABLE IF NOT EXISTS `order_shipping` (
  `order_shipping_id` int(11) NOT NULL AUTO_INCREMENT,
  `shipping_paid_status` tinyint(4) NOT NULL,
  `order_id` int(11) NOT NULL,
  `vendor_id` int(11) NOT NULL,
  `title` varchar(255) COLLATE utf8_bin NOT NULL,
  `weight` decimal(15,4) NOT NULL DEFAULT '0.0000',
  `cost` decimal(15,4) NOT NULL DEFAULT '0.0000',
  `tax` decimal(15,4) NOT NULL DEFAULT '0.0000',
  `sort_order` int(3) NOT NULL,
  PRIMARY KEY (`order_shipping_id`)
) ENGINE=MyISAM DEFAULT CHARSET=utf8 COLLATE=utf8_bin AUTO_INCREMENT=1 ;

-- --------------------------------------------------------

--
-- Структура таблицы `order_status`
--

CREATE TABLE IF NOT EXISTS `order_status` (
  `order_status_id` int(11) NOT NULL AUTO_INCREMENT,
  `language_id` int(11) NOT NULL,
  `name` varchar(32) NOT NULL,
  PRIMARY KEY (`order_status_id`,`language_id`)
) ENGINE=MyISAM  DEFAULT CHARSET=utf8 AUTO_INCREMENT=17 ;

--
-- Дамп данных таблицы `order_status`
--

INSERT INTO `order_status` (`order_status_id`, `language_id`, `name`) VALUES
(2, 1, 'Processing'),
(3, 1, 'Shipped'),
(7, 1, 'Canceled'),
(5, 1, 'Complete'),
(8, 1, 'Denied'),
(9, 1, 'Canceled Reversal'),
(10, 1, 'Failed'),
(11, 1, 'Refunded'),
(12, 1, 'Reversed'),
(13, 1, 'Chargeback'),
(1, 1, 'Pending'),
(16, 1, 'Voided'),
(15, 1, 'Processed'),
(14, 1, 'Expired');

-- --------------------------------------------------------

--
-- Структура таблицы `order_status_vendor_update`
--

CREATE TABLE IF NOT EXISTS `order_status_vendor_update` (
  `vendor_id` int(11) NOT NULL,
  `product_id` int(11) NOT NULL,
  `order_id` int(11) NOT NULL,
  `order_status_id` int(11) NOT NULL,
  `date_add` datetime NOT NULL
) ENGINE=MyISAM DEFAULT CHARSET=utf8;

--
-- Дамп данных таблицы `order_status_vendor_update`
--

INSERT INTO `order_status_vendor_update` (`vendor_id`, `product_id`, `order_id`, `order_status_id`, `date_add`) VALUES
(3, 1, 1, 1, '0000-00-00 00:00:00'),
(3, 2, 2, 1, '0000-00-00 00:00:00');

-- --------------------------------------------------------

--
-- Структура таблицы `order_total`
--

CREATE TABLE IF NOT EXISTS `order_total` (
  `order_total_id` int(10) NOT NULL AUTO_INCREMENT,
  `order_id` int(11) NOT NULL,
  `code` varchar(32) NOT NULL,
  `title` varchar(255) NOT NULL,
  `value` decimal(15,4) NOT NULL DEFAULT '0.0000',
  `sort_order` int(3) NOT NULL,
  PRIMARY KEY (`order_total_id`),
  KEY `order_id` (`order_id`)
) ENGINE=MyISAM  DEFAULT CHARSET=utf8 AUTO_INCREMENT=5 ;

--
-- Дамп данных таблицы `order_total`
--

INSERT INTO `order_total` (`order_total_id`, `order_id`, `code`, `title`, `value`, `sort_order`) VALUES
(1, 1, 'sub_total', 'Sub-Total', '598.0000', 1),
(2, 1, 'total', 'Total', '598.0000', 9),
(3, 2, 'sub_total', 'Sub-Total', '897.0000', 1),
(4, 2, 'total', 'Total', '897.0000', 9);

-- --------------------------------------------------------

--
-- Структура таблицы `order_voucher`
--

CREATE TABLE IF NOT EXISTS `order_voucher` (
  `order_voucher_id` int(11) NOT NULL AUTO_INCREMENT,
  `order_id` int(11) NOT NULL,
  `voucher_id` int(11) NOT NULL,
  `description` varchar(255) NOT NULL,
  `code` varchar(10) NOT NULL,
  `from_name` varchar(64) NOT NULL,
  `from_email` varchar(96) NOT NULL,
  `to_name` varchar(64) NOT NULL,
  `to_email` varchar(96) NOT NULL,
  `voucher_theme_id` int(11) NOT NULL,
  `message` text NOT NULL,
  `amount` decimal(15,4) NOT NULL,
  PRIMARY KEY (`order_voucher_id`)
) ENGINE=MyISAM DEFAULT CHARSET=utf8 AUTO_INCREMENT=1 ;

-- --------------------------------------------------------

--
-- Структура таблицы `product`
--

CREATE TABLE IF NOT EXISTS `product` (
  `product_id` int(11) NOT NULL AUTO_INCREMENT,
  `model` varchar(64) NOT NULL,
  `sku` varchar(64) NOT NULL,
  `upc` varchar(12) NOT NULL,
  `ean` varchar(14) NOT NULL,
  `jan` varchar(13) NOT NULL,
  `isbn` varchar(17) NOT NULL,
  `mpn` varchar(64) NOT NULL,
  `location` varchar(128) NOT NULL,
  `quantity` int(4) NOT NULL DEFAULT '0',
  `stock_status_id` int(11) NOT NULL,
  `image` varchar(255) DEFAULT NULL,
  `manufacturer_id` int(11) NOT NULL,
  `shipping` tinyint(1) NOT NULL DEFAULT '1',
  `price` decimal(15,4) NOT NULL DEFAULT '0.0000',
  `points` int(8) NOT NULL DEFAULT '0',
  `tax_class_id` int(11) NOT NULL,
  `date_available` date NOT NULL DEFAULT '0000-00-00',
  `weight` decimal(15,8) NOT NULL DEFAULT '0.00000000',
  `weight_class_id` int(11) NOT NULL DEFAULT '0',
  `length` decimal(15,8) NOT NULL DEFAULT '0.00000000',
  `width` decimal(15,8) NOT NULL DEFAULT '0.00000000',
  `height` decimal(15,8) NOT NULL DEFAULT '0.00000000',
  `length_class_id` int(11) NOT NULL DEFAULT '0',
  `subtract` tinyint(1) NOT NULL DEFAULT '1',
  `minimum` int(11) NOT NULL DEFAULT '1',
  `sort_order` int(11) NOT NULL DEFAULT '0',
  `status` tinyint(1) NOT NULL DEFAULT '0',
  `viewed` int(5) NOT NULL DEFAULT '0',
  `date_added` datetime NOT NULL,
  `date_modified` datetime NOT NULL,
  PRIMARY KEY (`product_id`)
) ENGINE=MyISAM  DEFAULT CHARSET=utf8 AUTO_INCREMENT=52 ;

--
-- Дамп данных таблицы `product`
--

INSERT INTO `product` (`product_id`, `model`, `sku`, `upc`, `ean`, `jan`, `isbn`, `mpn`, `location`, `quantity`, `stock_status_id`, `image`, `manufacturer_id`, `shipping`, `price`, `points`, `tax_class_id`, `date_available`, `weight`, `weight_class_id`, `length`, `width`, `height`, `length_class_id`, `subtract`, `minimum`, `sort_order`, `status`, `viewed`, `date_added`, `date_modified`) VALUES
(28, 'Product 1', '', '', '', '', '', '', '', 939, 7, 'catalog/demo/htc_touch_hd_1.jpg', 5, 1, '100.0000', 200, 9, '2009-02-03', '9.40000000', 1, '0.00000000', '0.00000000', '0.00000000', 1, 1, 1, 0, 1, 2, '2009-02-03 16:06:50', '2016-07-04 09:01:49'),
(29, 'Product 2', '', '', '', '', '', '', '', 999, 6, 'catalog/demo/palm_treo_pro_1.jpg', 6, 1, '279.9900', 0, 9, '2009-02-03', '3.00000000', 1, '12.00000000', '5.00000000', '0.00000000', 3, 1, 1, 0, 1, 0, '2009-02-03 16:42:17', '2016-07-04 08:18:42'),
(30, 'Product 3', '', '', '', '', '', '', '', 7, 6, 'catalog/demo/canon_eos_5d_1.jpg', 9, 1, '100.0000', 0, 9, '2009-02-03', '10.00000000', 1, '36.00000000', '23.00000000', '0.00000000', 3, 1, 1, 0, 1, 0, '2009-02-03 16:59:00', '2016-07-24 20:45:17'),
(31, 'Product 4', '', '', '', '', '', '', '', 1000, 6, 'catalog/demo/nikon_d300_1.jpg', 0, 1, '80.0000', 0, 9, '2009-02-03', '0.00000000', 1, '0.00000000', '0.00000000', '0.00000000', 3, 1, 1, 0, 1, 0, '2009-02-03 17:00:10', '2011-09-30 01:06:00'),
(32, 'Product 5', '', '', '', '', '', '', '', 999, 6, 'catalog/demo/ipod_touch_1.jpg', 8, 1, '100.0000', 0, 9, '2009-02-03', '5.00000000', 1, '0.00000000', '0.00000000', '0.00000000', 1, 1, 1, 0, 1, 0, '2009-02-03 17:07:26', '2011-09-30 01:07:22'),
(33, 'Product 6', '', '', '', '', '', '', '', 1000, 6, 'catalog/demo/samsung_syncmaster_941bw.jpg', 0, 1, '200.0000', 0, 9, '2009-02-03', '5.00000000', 1, '0.00000000', '0.00000000', '0.00000000', 2, 1, 1, 0, 1, 1, '2009-02-03 17:08:31', '2016-07-25 00:07:52'),
(34, 'Product 7', '', '', '', '', '', '', '', 1000, 6, 'catalog/demo/ipod_shuffle_1.jpg', 8, 1, '100.0000', 0, 9, '2009-02-03', '5.00000000', 1, '0.00000000', '0.00000000', '0.00000000', 2, 1, 1, 0, 1, 0, '2009-02-03 18:07:54', '2011-09-30 01:07:17'),
(35, 'Product 20', '', '', '', '', '', '', '', 1000, 5, '', 0, 0, '100.0000', 0, 9, '2009-02-03', '10.00000000', 1, '0.00000000', '21.00000000', '0.00000000', 1, 1, 1, 0, 1, 6, '2009-02-03 18:08:31', '2016-07-04 08:23:25'),
(36, 'Product 9', '', '', '', '', '', '', '', 994, 6, 'catalog/demo/ipod_nano_1.jpg', 8, 0, '100.0000', 100, 9, '2009-02-03', '5.00000000', 1, '0.00000000', '0.00000000', '0.00000000', 2, 1, 1, 0, 1, 0, '2009-02-03 18:09:19', '2011-09-30 01:07:12'),
(40, 'product 11', '', '', '', '', '', '', '', 970, 5, 'catalog/demo/iphone_1.jpg', 8, 1, '101.0000', 0, 9, '2009-02-03', '10.00000000', 1, '21.00000000', '0.00000000', '0.00000000', 1, 1, 1, 0, 1, 8, '2009-02-03 21:07:12', '2016-07-04 08:21:15'),
(41, 'Product 14', '', '', '', '', '', '', '', 977, 5, 'catalog/demo/imac_1.jpg', 8, 1, '100.0000', 0, 9, '2009-02-03', '5.00000000', 1, '0.00000000', '0.00000000', '0.00000000', 1, 1, 1, 0, 1, 1, '2009-02-03 21:07:26', '2011-09-30 01:06:44'),
(42, 'Product 15', '', '', '', '', '', '', 'Delhi', 990, 5, 'catalog/demo/apple_cinema_30.jpg', 8, 1, '100.0000', 400, 9, '2009-02-04', '10.00000000', 1, '29.70000000', '21.00000000', '0.00000000', 1, 1, 2, 0, 1, 14, '2009-02-03 21:07:37', '2016-07-04 08:19:48'),
(43, 'Product 16', '', '', '', '', '', '', '', 929, 5, 'catalog/demo/macbook_1.jpg', 8, 0, '500.0000', 0, 9, '2009-02-03', '10.00000000', 1, '210.00000000', '297.00000000', '0.00000000', 2, 1, 1, 0, 1, 0, '2009-02-03 21:07:49', '2016-07-04 08:22:12'),
(44, 'Product 17', '', '', '', '', '', '', '', 1000, 5, 'catalog/demo/macbook_air_1.jpg', 8, 1, '1000.0000', 0, 9, '2009-02-03', '10.00000000', 1, '584.20000000', '914.40000000', '0.00000000', 2, 1, 1, 0, 1, 0, '2009-02-03 21:08:00', '2016-07-24 23:59:42'),
(45, 'Product 18', '', '', '', '', '', '', '', 998, 5, 'catalog/demo/macbook_pro_1.jpg', 8, 1, '2000.0000', 0, 100, '2009-02-03', '0.00000000', 1, '0.00000000', '0.00000000', '0.00000000', 2, 1, 1, 0, 1, 0, '2009-02-03 21:08:17', '2011-09-15 22:22:01'),
(46, 'Product 19', '', '', '', '', '', '', '', 1000, 5, 'catalog/demo/sony_vaio_1.jpg', 10, 1, '1000.0000', 0, 9, '2009-02-03', '0.00000000', 1, '0.00000000', '0.00000000', '0.00000000', 2, 1, 1, 0, 1, 0, '2009-02-03 21:08:29', '2011-09-30 01:06:39'),
(47, 'Product 21', '', '', '', '', '', '', '', 1000, 5, 'catalog/demo/hp_1.jpg', 7, 1, '100.0000', 400, 9, '2009-02-03', '1.00000000', 1, '0.00000000', '0.00000000', '0.00000000', 1, 0, 1, 0, 1, 1, '2009-02-03 21:08:40', '2016-06-16 13:26:51'),
(48, 'product 20', 'test 1', '', '', '', '', '', 'test 2', 1, 5, 'catalog/demo/ipod_classic_1.jpg', 8, 0, '100.0000', 0, 9, '2009-02-08', '1.00000000', 1, '0.00000000', '0.00000000', '20.00000000', 2, 1, 1, 0, 1, 0, '2009-02-08 17:21:51', '2016-06-30 17:33:48'),
(49, 'SAM1', '', '', '', '', '', '', '', 0, 8, 'catalog/demo/samsung_tab_1.jpg', 0, 1, '199.9900', 0, 9, '2011-04-25', '0.00000000', 1, '0.00000000', '0.00000000', '0.00000000', 1, 1, 1, 1, 1, 0, '2011-04-26 08:57:34', '2016-07-25 22:48:20'),
(50, 'vReel A3', '', '', '', '', '', '', '', 95, 6, '', 0, 0, '299.0000', 0, 0, '2016-07-06', '10.00000000', 1, '0.00000000', '420.00000000', '0.00000000', 2, 1, 1, 0, 1, 0, '2016-07-06 01:38:20', '2016-07-08 18:37:19'),
(51, 'vReel A3', '', '', '', '', '', '', '', 95, 6, '', 0, 0, '299.0000', 0, 0, '2016-07-06', '10.00000000', 1, '0.00000000', '420.00000000', '0.00000000', 2, 1, 1, 0, 5, 0, '2016-07-10 20:13:42', '0000-00-00 00:00:00');

-- --------------------------------------------------------

--
-- Структура таблицы `product_attribute`
--

CREATE TABLE IF NOT EXISTS `product_attribute` (
  `product_id` int(11) NOT NULL,
  `attribute_id` int(11) NOT NULL,
  `language_id` int(11) NOT NULL,
  `text` text NOT NULL,
  PRIMARY KEY (`product_id`,`attribute_id`,`language_id`)
) ENGINE=MyISAM DEFAULT CHARSET=utf8;

--
-- Дамп данных таблицы `product_attribute`
--

INSERT INTO `product_attribute` (`product_id`, `attribute_id`, `language_id`, `text`) VALUES
(43, 4, 1, '8gb'),
(47, 2, 1, '4'),
(42, 3, 1, '100mhz'),
(47, 4, 1, '16GB'),
(43, 2, 1, '1');

-- --------------------------------------------------------

--
-- Структура таблицы `product_description`
--

CREATE TABLE IF NOT EXISTS `product_description` (
  `product_id` int(11) NOT NULL,
  `language_id` int(11) NOT NULL,
  `name` varchar(255) NOT NULL,
  `description` text NOT NULL,
  `tag` text NOT NULL,
  `meta_title` varchar(255) NOT NULL,
  `meta_description` varchar(255) NOT NULL,
  `meta_keyword` varchar(255) NOT NULL,
  PRIMARY KEY (`product_id`,`language_id`),
  KEY `name` (`name`)
) ENGINE=MyISAM DEFAULT CHARSET=utf8;

--
-- Дамп данных таблицы `product_description`
--

INSERT INTO `product_description` (`product_id`, `language_id`, `name`, `description`, `tag`, `meta_title`, `meta_description`, `meta_keyword`) VALUES
(35, 1, 'Reel A4', '&lt;p&gt;\r\n	Product 20&lt;/p&gt;\r\n', '', 'Product 20', '', ''),
(48, 1, 'iPod Classic', '&lt;div class=&quot;cpt_product_description &quot;&gt;\r\n	&lt;div&gt;\r\n		&lt;p&gt;\r\n			&lt;strong&gt;More room to move.&lt;/strong&gt;&lt;/p&gt;\r\n		&lt;p&gt;\r\n			With 80GB or 160GB of storage and up to 40 hours of battery life, the new iPod classic lets you enjoy up to 40,000 songs or up to 200 hours of video or any combination wherever you go.&lt;/p&gt;\r\n		&lt;p&gt;\r\n			&lt;strong&gt;Cover Flow.&lt;/strong&gt;&lt;/p&gt;\r\n		&lt;p&gt;\r\n			Browse through your music collection by flipping through album art. Select an album to turn it over and see the track list.&lt;/p&gt;\r\n		&lt;p&gt;\r\n			&lt;strong&gt;Enhanced interface.&lt;/strong&gt;&lt;/p&gt;\r\n		&lt;p&gt;\r\n			Experience a whole new way to browse and view your music and video.&lt;/p&gt;\r\n		&lt;p&gt;\r\n			&lt;strong&gt;Sleeker design.&lt;/strong&gt;&lt;/p&gt;\r\n		&lt;p&gt;\r\n			Beautiful, durable, and sleeker than ever, iPod classic now features an anodized aluminum and polished stainless steel enclosure with rounded edges.&lt;/p&gt;\r\n	&lt;/div&gt;\r\n&lt;/div&gt;\r\n&lt;!-- cpt_container_end --&gt;', '', 'iPod Classic', '', ''),
(40, 1, 'iPhone', '&lt;p class=&quot;intro&quot;&gt;\r\n	iPhone is a revolutionary new mobile phone that allows you to make a call by simply tapping a name or number in your address book, a favorites list, or a call log. It also automatically syncs all your contacts from a PC, Mac, or Internet service. And it lets you select and listen to voicemail messages in whatever order you want just like email.&lt;/p&gt;\r\n', '', 'iPhone', '', ''),
(28, 1, 'HTC Touch HD', '&lt;p&gt;\r\n	HTC Touch - in High Definition. Watch music videos and streaming content in awe-inspiring high definition clarity for a mobile experience you never thought possible. Seductively sleek, the HTC Touch HD provides the next generation of mobile functionality, all at a simple touch. Fully integrated with Windows Mobile Professional 6.1, ultrafast 3.5G, GPS, 5MP camera, plus lots more - all delivered on a breathtakingly crisp 3.8&amp;quot; WVGA touchscreen - you can take control of your mobile world with the HTC Touch HD.&lt;/p&gt;\r\n&lt;p&gt;\r\n	&lt;strong&gt;Features&lt;/strong&gt;&lt;/p&gt;\r\n&lt;ul&gt;\r\n	&lt;li&gt;\r\n		Processor Qualcomm&amp;reg; MSM 7201A&amp;trade; 528 MHz&lt;/li&gt;\r\n	&lt;li&gt;\r\n		Windows Mobile&amp;reg; 6.1 Professional Operating System&lt;/li&gt;\r\n	&lt;li&gt;\r\n		Memory: 512 MB ROM, 288 MB RAM&lt;/li&gt;\r\n	&lt;li&gt;\r\n		Dimensions: 115 mm x 62.8 mm x 12 mm / 146.4 grams&lt;/li&gt;\r\n	&lt;li&gt;\r\n		3.8-inch TFT-LCD flat touch-sensitive screen with 480 x 800 WVGA resolution&lt;/li&gt;\r\n	&lt;li&gt;\r\n		HSDPA/WCDMA: Europe/Asia: 900/2100 MHz; Up to 2 Mbps up-link and 7.2 Mbps down-link speeds&lt;/li&gt;\r\n	&lt;li&gt;\r\n		Quad-band GSM/GPRS/EDGE: Europe/Asia: 850/900/1800/1900 MHz (Band frequency, HSUPA availability, and data speed are operator dependent.)&lt;/li&gt;\r\n	&lt;li&gt;\r\n		Device Control via HTC TouchFLO&amp;trade; 3D &amp;amp; Touch-sensitive front panel buttons&lt;/li&gt;\r\n	&lt;li&gt;\r\n		GPS and A-GPS ready&lt;/li&gt;\r\n	&lt;li&gt;\r\n		Bluetooth&amp;reg; 2.0 with Enhanced Data Rate and A2DP for wireless stereo headsets&lt;/li&gt;\r\n	&lt;li&gt;\r\n		Wi-Fi&amp;reg;: IEEE 802.11 b/g&lt;/li&gt;\r\n	&lt;li&gt;\r\n		HTC ExtUSB&amp;trade; (11-pin mini-USB 2.0)&lt;/li&gt;\r\n	&lt;li&gt;\r\n		5 megapixel color camera with auto focus&lt;/li&gt;\r\n	&lt;li&gt;\r\n		VGA CMOS color camera&lt;/li&gt;\r\n	&lt;li&gt;\r\n		Built-in 3.5 mm audio jack, microphone, speaker, and FM radio&lt;/li&gt;\r\n	&lt;li&gt;\r\n		Ring tone formats: AAC, AAC+, eAAC+, AMR-NB, AMR-WB, QCP, MP3, WMA, WAV&lt;/li&gt;\r\n	&lt;li&gt;\r\n		40 polyphonic and standard MIDI format 0 and 1 (SMF)/SP MIDI&lt;/li&gt;\r\n	&lt;li&gt;\r\n		Rechargeable Lithium-ion or Lithium-ion polymer 1350 mAh battery&lt;/li&gt;\r\n	&lt;li&gt;\r\n		Expansion Slot: microSD&amp;trade; memory card (SD 2.0 compatible)&lt;/li&gt;\r\n	&lt;li&gt;\r\n		AC Adapter Voltage range/frequency: 100 ~ 240V AC, 50/60 Hz DC output: 5V and 1A&lt;/li&gt;\r\n	&lt;li&gt;\r\n		Special Features: FM Radio, G-Sensor&lt;/li&gt;\r\n&lt;/ul&gt;\r\n', '', '	 HTC Touch HD', '', ''),
(44, 1, 'MacBook Air', '&lt;div&gt;\r\n	MacBook Air is ultrathin, ultraportable, and ultra unlike anything else. But you don&amp;rsquo;t lose inches and pounds overnight. It&amp;rsquo;s the result of rethinking conventions. Of multiple wireless innovations. And of breakthrough design. With MacBook Air, mobile computing suddenly has a new standard.&lt;/div&gt;\r\n', '', 'MacBook Air', '', ''),
(45, 1, 'MacBook Pro', '&lt;div class=&quot;cpt_product_description &quot;&gt;\r\n	&lt;div&gt;\r\n		&lt;p&gt;\r\n			&lt;b&gt;Latest Intel mobile architecture&lt;/b&gt;&lt;/p&gt;\r\n		&lt;p&gt;\r\n			Powered by the most advanced mobile processors from Intel, the new Core 2 Duo MacBook Pro is over 50% faster than the original Core Duo MacBook Pro and now supports up to 4GB of RAM.&lt;/p&gt;\r\n		&lt;p&gt;\r\n			&lt;b&gt;Leading-edge graphics&lt;/b&gt;&lt;/p&gt;\r\n		&lt;p&gt;\r\n			The NVIDIA GeForce 8600M GT delivers exceptional graphics processing power. For the ultimate creative canvas, you can even configure the 17-inch model with a 1920-by-1200 resolution display.&lt;/p&gt;\r\n		&lt;p&gt;\r\n			&lt;b&gt;Designed for life on the road&lt;/b&gt;&lt;/p&gt;\r\n		&lt;p&gt;\r\n			Innovations such as a magnetic power connection and an illuminated keyboard with ambient light sensor put the MacBook Pro in a class by itself.&lt;/p&gt;\r\n		&lt;p&gt;\r\n			&lt;b&gt;Connect. Create. Communicate.&lt;/b&gt;&lt;/p&gt;\r\n		&lt;p&gt;\r\n			Quickly set up a video conference with the built-in iSight camera. Control presentations and media from up to 30 feet away with the included Apple Remote. Connect to high-bandwidth peripherals with FireWire 800 and DVI.&lt;/p&gt;\r\n		&lt;p&gt;\r\n			&lt;b&gt;Next-generation wireless&lt;/b&gt;&lt;/p&gt;\r\n		&lt;p&gt;\r\n			Featuring 802.11n wireless technology, the MacBook Pro delivers up to five times the performance and up to twice the range of previous-generation technologies.&lt;/p&gt;\r\n	&lt;/div&gt;\r\n&lt;/div&gt;\r\n&lt;!-- cpt_container_end --&gt;', '', 'MacBook Pro', '', ''),
(29, 1, 'Palm Treo Pro', '&lt;p&gt;\r\n	Redefine your workday with the Palm Treo Pro smartphone. Perfectly balanced, you can respond to business and personal email, stay on top of appointments and contacts, and use Wi-Fi or GPS when you&amp;rsquo;re out and about. Then watch a video on YouTube, catch up with news and sports on the web, or listen to a few songs. Balance your work and play the way you like it, with the Palm Treo Pro.&lt;/p&gt;\r\n&lt;p&gt;\r\n	&lt;strong&gt;Features&lt;/strong&gt;&lt;/p&gt;\r\n&lt;ul&gt;\r\n	&lt;li&gt;\r\n		Windows Mobile&amp;reg; 6.1 Professional Edition&lt;/li&gt;\r\n	&lt;li&gt;\r\n		Qualcomm&amp;reg; MSM7201 400MHz Processor&lt;/li&gt;\r\n	&lt;li&gt;\r\n		320x320 transflective colour TFT touchscreen&lt;/li&gt;\r\n	&lt;li&gt;\r\n		HSDPA/UMTS/EDGE/GPRS/GSM radio&lt;/li&gt;\r\n	&lt;li&gt;\r\n		Tri-band UMTS &amp;mdash; 850MHz, 1900MHz, 2100MHz&lt;/li&gt;\r\n	&lt;li&gt;\r\n		Quad-band GSM &amp;mdash; 850/900/1800/1900&lt;/li&gt;\r\n	&lt;li&gt;\r\n		802.11b/g with WPA, WPA2, and 801.1x authentication&lt;/li&gt;\r\n	&lt;li&gt;\r\n		Built-in GPS&lt;/li&gt;\r\n	&lt;li&gt;\r\n		Bluetooth Version: 2.0 + Enhanced Data Rate&lt;/li&gt;\r\n	&lt;li&gt;\r\n		256MB storage (100MB user available), 128MB RAM&lt;/li&gt;\r\n	&lt;li&gt;\r\n		2.0 megapixel camera, up to 8x digital zoom and video capture&lt;/li&gt;\r\n	&lt;li&gt;\r\n		Removable, rechargeable 1500mAh lithium-ion battery&lt;/li&gt;\r\n	&lt;li&gt;\r\n		Up to 5.0 hours talk time and up to 250 hours standby&lt;/li&gt;\r\n	&lt;li&gt;\r\n		MicroSDHC card expansion (up to 32GB supported)&lt;/li&gt;\r\n	&lt;li&gt;\r\n		MicroUSB 2.0 for synchronization and charging&lt;/li&gt;\r\n	&lt;li&gt;\r\n		3.5mm stereo headset jack&lt;/li&gt;\r\n	&lt;li&gt;\r\n		60mm (W) x 114mm (L) x 13.5mm (D) / 133g&lt;/li&gt;\r\n&lt;/ul&gt;\r\n', '', 'Palm Treo Pro', '', ''),
(36, 1, 'iPod Nano', '&lt;div&gt;\r\n	&lt;p&gt;\r\n		&lt;strong&gt;Video in your pocket.&lt;/strong&gt;&lt;/p&gt;\r\n	&lt;p&gt;\r\n		Its the small iPod with one very big idea: video. The worlds most popular music player now lets you enjoy movies, TV shows, and more on a two-inch display thats 65% brighter than before.&lt;/p&gt;\r\n	&lt;p&gt;\r\n		&lt;strong&gt;Cover Flow.&lt;/strong&gt;&lt;/p&gt;\r\n	&lt;p&gt;\r\n		Browse through your music collection by flipping through album art. Select an album to turn it over and see the track list.&lt;strong&gt;&amp;nbsp;&lt;/strong&gt;&lt;/p&gt;\r\n	&lt;p&gt;\r\n		&lt;strong&gt;Enhanced interface.&lt;/strong&gt;&lt;/p&gt;\r\n	&lt;p&gt;\r\n		Experience a whole new way to browse and view your music and video.&lt;/p&gt;\r\n	&lt;p&gt;\r\n		&lt;strong&gt;Sleek and colorful.&lt;/strong&gt;&lt;/p&gt;\r\n	&lt;p&gt;\r\n		With an anodized aluminum and polished stainless steel enclosure and a choice of five colors, iPod nano is dressed to impress.&lt;/p&gt;\r\n	&lt;p&gt;\r\n		&lt;strong&gt;iTunes.&lt;/strong&gt;&lt;/p&gt;\r\n	&lt;p&gt;\r\n		Available as a free download, iTunes makes it easy to browse and buy millions of songs, movies, TV shows, audiobooks, and games and download free podcasts all at the iTunes Store. And you can import your own music, manage your whole media library, and sync your iPod or iPhone with ease.&lt;/p&gt;\r\n&lt;/div&gt;\r\n', '', 'iPod Nano', '', ''),
(46, 1, 'Sony VAIO', '&lt;div&gt;\r\n	Unprecedented power. The next generation of processing technology has arrived. Built into the newest VAIO notebooks lies Intel&amp;#39;s latest, most powerful innovation yet: Intel&amp;reg; Centrino&amp;reg; 2 processor technology. Boasting incredible speed, expanded wireless connectivity, enhanced multimedia support and greater energy efficiency, all the high-performance essentials are seamlessly combined into a single chip.&lt;/div&gt;\r\n', '', 'Sony VAIO', '', ''),
(47, 1, 'HP LP3065', '&lt;p&gt;\r\n	Stop your co-workers in their tracks with the stunning new 30-inch diagonal HP LP3065 Flat Panel Monitor. This flagship monitor features best-in-class performance and presentation features on a huge wide-aspect screen while letting you work as comfortably as possible - you might even forget you&amp;#39;re at the office&lt;/p&gt;\r\n', '', 'HP LP3065', '', ''),
(32, 1, 'iPod Touch', '&lt;p&gt;\r\n	&lt;strong&gt;Revolutionary multi-touch interface.&lt;/strong&gt;&lt;br /&gt;\r\n	iPod touch features the same multi-touch screen technology as iPhone. Pinch to zoom in on a photo. Scroll through your songs and videos with a flick. Flip through your library by album artwork with Cover Flow.&lt;/p&gt;\r\n&lt;p&gt;\r\n	&lt;strong&gt;Gorgeous 3.5-inch widescreen display.&lt;/strong&gt;&lt;br /&gt;\r\n	Watch your movies, TV shows, and photos come alive with bright, vivid color on the 320-by-480-pixel display.&lt;/p&gt;\r\n&lt;p&gt;\r\n	&lt;strong&gt;Music downloads straight from iTunes.&lt;/strong&gt;&lt;br /&gt;\r\n	Shop the iTunes Wi-Fi Music Store from anywhere with Wi-Fi.1 Browse or search to find the music youre looking for, preview it, and buy it with just a tap.&lt;/p&gt;\r\n&lt;p&gt;\r\n	&lt;strong&gt;Surf the web with Wi-Fi.&lt;/strong&gt;&lt;br /&gt;\r\n	Browse the web using Safari and watch YouTube videos on the first iPod with Wi-Fi built in&lt;br /&gt;\r\n	&amp;nbsp;&lt;/p&gt;\r\n', '', '	 iPod Touch', '', ''),
(41, 1, 'iMac', '&lt;div&gt;\r\n	Just when you thought iMac had everything, now there&acute;s even more. More powerful Intel Core 2 Duo processors. And more memory standard. Combine this with Mac OS X Leopard and iLife &acute;08, and it&acute;s more all-in-one than ever. iMac packs amazing performance into a stunningly slim space.&lt;/div&gt;\r\n', '', 'iMac', '', ''),
(33, 1, 'Samsung SyncMaster', '&lt;div&gt;\r\n	Imagine the advantages of going big without slowing down. The big 19&amp;quot; 941BW monitor combines wide aspect ratio with fast pixel response time, for bigger images, more room to work and crisp motion. In addition, the exclusive MagicBright 2, MagicColor and MagicTune technologies help deliver the ideal image in every situation, while sleek, narrow bezels and adjustable stands deliver style just the way you want it. With the Samsung 941BW widescreen analog/digital LCD monitor, it&amp;#39;s not hard to imagine.&lt;/div&gt;\r\n', '', 'Samsung SyncMaster', '', ''),
(34, 1, 'iPod Shuffle', '&lt;div&gt;\r\n	&lt;strong&gt;Born to be worn.&lt;/strong&gt;\r\n	&lt;p&gt;\r\n		Clip on the worlds most wearable music player and take up to 240 songs with you anywhere. Choose from five colors including four new hues to make your musical fashion statement.&lt;/p&gt;\r\n	&lt;p&gt;\r\n		&lt;strong&gt;Random meets rhythm.&lt;/strong&gt;&lt;/p&gt;\r\n	&lt;p&gt;\r\n		With iTunes autofill, iPod shuffle can deliver a new musical experience every time you sync. For more randomness, you can shuffle songs during playback with the slide of a switch.&lt;/p&gt;\r\n	&lt;strong&gt;Everything is easy.&lt;/strong&gt;\r\n	&lt;p&gt;\r\n		Charge and sync with the included USB dock. Operate the iPod shuffle controls with one hand. Enjoy up to 12 hours straight of skip-free music playback.&lt;/p&gt;\r\n&lt;/div&gt;\r\n', '', 'iPod Shuffle', '', ''),
(43, 1, 'MacBook', '&lt;div&gt;\r\n	&lt;p&gt;\r\n		&lt;b&gt;Intel Core 2 Duo processor&lt;/b&gt;&lt;/p&gt;\r\n	&lt;p&gt;\r\n		Powered by an Intel Core 2 Duo processor at speeds up to 2.16GHz, the new MacBook is the fastest ever.&lt;/p&gt;\r\n	&lt;p&gt;\r\n		&lt;b&gt;1GB memory, larger hard drives&lt;/b&gt;&lt;/p&gt;\r\n	&lt;p&gt;\r\n		The new MacBook now comes with 1GB of memory standard and larger hard drives for the entire line perfect for running more of your favorite applications and storing growing media collections.&lt;/p&gt;\r\n	&lt;p&gt;\r\n		&lt;b&gt;Sleek, 1.08-inch-thin design&lt;/b&gt;&lt;/p&gt;\r\n	&lt;p&gt;\r\n		MacBook makes it easy to hit the road thanks to its tough polycarbonate case, built-in wireless technologies, and innovative MagSafe Power Adapter that releases automatically if someone accidentally trips on the cord.&lt;/p&gt;\r\n	&lt;p&gt;\r\n		&lt;b&gt;Built-in iSight camera&lt;/b&gt;&lt;/p&gt;\r\n	&lt;p&gt;\r\n		Right out of the box, you can have a video chat with friends or family,2 record a video at your desk, or take fun pictures with Photo Booth&lt;/p&gt;\r\n&lt;/div&gt;\r\n', '', 'MacBook', '', ''),
(31, 1, 'Nikon D300', '&lt;div class=&quot;cpt_product_description &quot;&gt;\r\n	&lt;div&gt;\r\n		Engineered with pro-level features and performance, the 12.3-effective-megapixel D300 combines brand new technologies with advanced features inherited from Nikon&amp;#39;s newly announced D3 professional digital SLR camera to offer serious photographers remarkable performance combined with agility.&lt;br /&gt;\r\n		&lt;br /&gt;\r\n		Similar to the D3, the D300 features Nikon&amp;#39;s exclusive EXPEED Image Processing System that is central to driving the speed and processing power needed for many of the camera&amp;#39;s new features. The D300 features a new 51-point autofocus system with Nikon&amp;#39;s 3D Focus Tracking feature and two new LiveView shooting modes that allow users to frame a photograph using the camera&amp;#39;s high-resolution LCD monitor. The D300 shares a similar Scene Recognition System as is found in the D3; it promises to greatly enhance the accuracy of autofocus, autoexposure, and auto white balance by recognizing the subject or scene being photographed and applying this information to the calculations for the three functions.&lt;br /&gt;\r\n		&lt;br /&gt;\r\n		The D300 reacts with lightning speed, powering up in a mere 0.13 seconds and shooting with an imperceptible 45-millisecond shutter release lag time. The D300 is capable of shooting at a rapid six frames per second and can go as fast as eight frames per second when using the optional MB-D10 multi-power battery pack. In continuous bursts, the D300 can shoot up to 100 shots at full 12.3-megapixel resolution. (NORMAL-LARGE image setting, using a SanDisk Extreme IV 1GB CompactFlash card.)&lt;br /&gt;\r\n		&lt;br /&gt;\r\n		The D300 incorporates a range of innovative technologies and features that will significantly improve the accuracy, control, and performance photographers can get from their equipment. Its new Scene Recognition System advances the use of Nikon&amp;#39;s acclaimed 1,005-segment sensor to recognize colors and light patterns that help the camera determine the subject and the type of scene being photographed before a picture is taken. This information is used to improve the accuracy of autofocus, autoexposure, and auto white balance functions in the D300. For example, the camera can track moving subjects better and by identifying them, it can also automatically select focus points faster and with greater accuracy. It can also analyze highlights and more accurately determine exposure, as well as infer light sources to deliver more accurate white balance detection.&lt;/div&gt;\r\n&lt;/div&gt;\r\n&lt;!-- cpt_container_end --&gt;', '', 'Nikon D300', '', ''),
(49, 1, 'Samsung Galaxy Tab', '&lt;p&gt;\r\n	Samsung Galaxy Tab 10.1, is the world&amp;rsquo;s thinnest tablet, measuring 8.6 mm thickness, running with Android 3.0 Honeycomb OS on a 1GHz dual-core Tegra 2 processor, similar to its younger brother Samsung Galaxy Tab 8.9.&lt;/p&gt;\r\n&lt;p&gt;\r\n	Samsung Galaxy Tab 10.1 gives pure Android 3.0 experience, adding its new TouchWiz UX or TouchWiz 4.0 &amp;ndash; includes a live panel, which lets you to customize with different content, such as your pictures, bookmarks, and social feeds, sporting a 10.1 inches WXGA capacitive touch screen with 1280 x 800 pixels of resolution, equipped with 3 megapixel rear camera with LED flash and a 2 megapixel front camera, HSPA+ connectivity up to 21Mbps, 720p HD video recording capability, 1080p HD playback, DLNA support, Bluetooth 2.1, USB 2.0, gyroscope, Wi-Fi 802.11 a/b/g/n, micro-SD slot, 3.5mm headphone jack, and SIM slot, including the Samsung Stick &amp;ndash; a Bluetooth microphone that can be carried in a pocket like a pen and sound dock with powered subwoofer.&lt;/p&gt;\r\n&lt;p&gt;\r\n	Samsung Galaxy Tab 10.1 will come in 16GB / 32GB / 64GB verities and pre-loaded with Social Hub, Reader&amp;rsquo;s Hub, Music Hub and Samsung Mini Apps Tray &amp;ndash; which gives you access to more commonly used apps to help ease multitasking and it is capable of Adobe Flash Player 10.2, powered by 6860mAh battery that gives you 10hours of video-playback time.&amp;nbsp;&amp;auml;&amp;ouml;&lt;/p&gt;\r\n', '', 'Samsung Galaxy Tab', '', ''),
(42, 1, 'Apple Cinema', '&lt;p&gt;\r\n	&lt;font face=&quot;helvetica,geneva,arial&quot; size=&quot;2&quot;&gt;&lt;font face=&quot;Helvetica&quot; size=&quot;2&quot;&gt;The 30-inch Apple Cinema HD Display delivers an amazing 2560 x 1600 pixel resolution. Designed specifically for the creative professional, this display provides more space for easier access to all the tools and palettes needed to edit, format and composite your work. Combine this display with a Mac Pro, MacBook Pro, or PowerMac G5 and there''s no limit to what you can achieve. &lt;br&gt;\r\n	&lt;br&gt;\r\n	&lt;/font&gt;&lt;font face=&quot;Helvetica&quot; size=&quot;2&quot;&gt;The Cinema HD features an active-matrix liquid crystal display that produces flicker-free images that deliver twice the brightness, twice the sharpness and twice the contrast ratio of a typical CRT display. Unlike other flat panels, it''s designed with a pure digital interface to deliver distortion-free images that never need adjusting. With over 4 million digital pixels, the display is uniquely suited for scientific and technical applications such as visualizing molecular structures or analyzing geological data. &lt;br&gt;\r\n	&lt;br&gt;\r\n	&lt;/font&gt;&lt;font face=&quot;Helvetica&quot; size=&quot;2&quot;&gt;Offering accurate, brilliant color performance, the Cinema HD delivers up to 16.7 million colors across a wide gamut allowing you to see subtle nuances between colors from soft pastels to rich jewel tones. A wide viewing angle ensures uniform color from edge to edge. Apple''s ColorSync technology allows you to create custom profiles to maintain consistent color onscreen and in print. The result: You can confidently use this display in all your color-critical applications. &lt;br&gt;\r\n	&lt;br&gt;\r\n	&lt;/font&gt;&lt;font face=&quot;Helvetica&quot; size=&quot;2&quot;&gt;Housed in a new aluminum design, the display has a very thin bezel that enhances visual accuracy. Each display features two FireWire 400 ports and two USB 2.0 ports, making attachment of desktop peripherals, such as iSight, iPod, digital and still cameras, hard drives, printers and scanners, even more accessible and convenient. Taking advantage of the much thinner and lighter footprint of an LCD, the new displays support the VESA (Video Electronics Standards Association) mounting interface standard. Customers with the optional Cinema Display VESA Mount Adapter kit gain the flexibility to mount their display in locations most appropriate for their work environment. &lt;br&gt;\r\n	&lt;br&gt;\r\n	&lt;/font&gt;&lt;font face=&quot;Helvetica&quot; size=&quot;2&quot;&gt;The Cinema HD features a single cable design with elegant breakout for the USB 2.0, FireWire 400 and a pure digital connection using the industry standard Digital Video Interface (DVI) interface. The DVI connection allows for a direct pure-digital connection.&lt;br&gt;\r\n	&lt;/font&gt;&lt;/font&gt;&lt;/p&gt;\r\n&lt;h3&gt;\r\n	Features:&lt;/h3&gt;\r\n&lt;p&gt;\r\n	Unrivaled display performance&lt;/p&gt;\r\n&lt;ul&gt;\r\n	&lt;li&gt;\r\n		30-inch (viewable) active-matrix liquid crystal display provides breathtaking image quality and vivid, richly saturated color.&lt;/li&gt;\r\n	&lt;li&gt;\r\n		Support for 2560-by-1600 pixel resolution for display of high definition still and video imagery.&lt;/li&gt;\r\n	&lt;li&gt;\r\n		Wide-format design for simultaneous display of two full pages of text and graphics.&lt;/li&gt;\r\n	&lt;li&gt;\r\n		Industry standard DVI connector for direct attachment to Mac- and Windows-based desktops and notebooks&lt;/li&gt;\r\n	&lt;li&gt;\r\n		Incredibly wide (170 degree) horizontal and vertical viewing angle for maximum visibility and color performance.&lt;/li&gt;\r\n	&lt;li&gt;\r\n		Lightning-fast pixel response for full-motion digital video playback.&lt;/li&gt;\r\n	&lt;li&gt;\r\n		Support for 16.7 million saturated colors, for use in all graphics-intensive applications.&lt;/li&gt;\r\n&lt;/ul&gt;\r\n&lt;p&gt;\r\n	Simple setup and operation&lt;/p&gt;\r\n&lt;ul&gt;\r\n	&lt;li&gt;\r\n		Single cable with elegant breakout for connection to DVI, USB and FireWire ports&lt;/li&gt;\r\n	&lt;li&gt;\r\n		Built-in two-port USB 2.0 hub for easy connection of desktop peripheral devices.&lt;/li&gt;\r\n	&lt;li&gt;\r\n		Two FireWire 400 ports to support iSight and other desktop peripherals&lt;/li&gt;\r\n&lt;/ul&gt;\r\n&lt;p&gt;\r\n	Sleek, elegant design&lt;/p&gt;\r\n&lt;ul&gt;\r\n	&lt;li&gt;\r\n		Huge virtual workspace, very small footprint.&lt;/li&gt;\r\n	&lt;li&gt;\r\n		Narrow Bezel design to minimize visual impact of using dual displays&lt;/li&gt;\r\n	&lt;li&gt;\r\n		Unique hinge design for effortless adjustment&lt;/li&gt;\r\n	&lt;li&gt;\r\n		Support for VESA mounting solutions (Apple Cinema Display VESA Mount Adapter sold separately)&lt;/li&gt;\r\n&lt;/ul&gt;\r\n&lt;h3&gt;\r\n	Technical specifications&lt;/h3&gt;\r\n&lt;p&gt;\r\n	&lt;b&gt;Screen size (diagonal viewable image size)&lt;/b&gt;&lt;/p&gt;\r\n&lt;ul&gt;\r\n	&lt;li&gt;\r\n		Apple Cinema HD Display: 30 inches (29.7-inch viewable)&lt;/li&gt;\r\n&lt;/ul&gt;\r\n&lt;p&gt;\r\n	&lt;b&gt;Screen type&lt;/b&gt;&lt;/p&gt;\r\n&lt;ul&gt;\r\n	&lt;li&gt;\r\n		Thin film transistor (TFT) active-matrix liquid crystal display (AMLCD)&lt;/li&gt;\r\n&lt;/ul&gt;\r\n&lt;p&gt;\r\n	&lt;b&gt;Resolutions&lt;/b&gt;&lt;/p&gt;\r\n&lt;ul&gt;\r\n	&lt;li&gt;\r\n		2560 x 1600 pixels (optimum resolution)&lt;/li&gt;\r\n	&lt;li&gt;\r\n		2048 x 1280&lt;/li&gt;\r\n	&lt;li&gt;\r\n		1920 x 1200&lt;/li&gt;\r\n	&lt;li&gt;\r\n		1280 x 800&lt;/li&gt;\r\n	&lt;li&gt;\r\n		1024 x 640&lt;/li&gt;\r\n&lt;/ul&gt;\r\n&lt;p&gt;\r\n	&lt;b&gt;Display colors (maximum)&lt;/b&gt;&lt;/p&gt;\r\n&lt;ul&gt;\r\n	&lt;li&gt;\r\n		16.7 million&lt;/li&gt;\r\n&lt;/ul&gt;\r\n&lt;p&gt;\r\n	&lt;b&gt;Viewing angle (typical)&lt;/b&gt;&lt;/p&gt;\r\n&lt;ul&gt;\r\n	&lt;li&gt;\r\n		170° horizontal; 170° vertical&lt;/li&gt;\r\n&lt;/ul&gt;\r\n&lt;p&gt;\r\n	&lt;b&gt;Brightness (typical)&lt;/b&gt;&lt;/p&gt;\r\n&lt;ul&gt;\r\n	&lt;li&gt;\r\n		30-inch Cinema HD Display: 400 cd/m2&lt;/li&gt;\r\n&lt;/ul&gt;\r\n&lt;p&gt;\r\n	&lt;b&gt;Contrast ratio (typical)&lt;/b&gt;&lt;/p&gt;\r\n&lt;ul&gt;\r\n	&lt;li&gt;\r\n		700:1&lt;/li&gt;\r\n&lt;/ul&gt;\r\n&lt;p&gt;\r\n	&lt;b&gt;Response time (typical)&lt;/b&gt;&lt;/p&gt;\r\n&lt;ul&gt;\r\n	&lt;li&gt;\r\n		16 ms&lt;/li&gt;\r\n&lt;/ul&gt;\r\n&lt;p&gt;\r\n	&lt;b&gt;Pixel pitch&lt;/b&gt;&lt;/p&gt;\r\n&lt;ul&gt;\r\n	&lt;li&gt;\r\n		30-inch Cinema HD Display: 0.250 mm&lt;/li&gt;\r\n&lt;/ul&gt;\r\n&lt;p&gt;\r\n	&lt;b&gt;Screen treatment&lt;/b&gt;&lt;/p&gt;\r\n&lt;ul&gt;\r\n	&lt;li&gt;\r\n		Antiglare hardcoat&lt;/li&gt;\r\n&lt;/ul&gt;\r\n&lt;p&gt;\r\n	&lt;b&gt;User controls (hardware and software)&lt;/b&gt;&lt;/p&gt;\r\n&lt;ul&gt;\r\n	&lt;li&gt;\r\n		Display Power,&lt;/li&gt;\r\n	&lt;li&gt;\r\n		System sleep, wake&lt;/li&gt;\r\n	&lt;li&gt;\r\n		Brightness&lt;/li&gt;\r\n	&lt;li&gt;\r\n		Monitor tilt&lt;/li&gt;\r\n&lt;/ul&gt;\r\n&lt;p&gt;\r\n	&lt;b&gt;Connectors and cables&lt;/b&gt;&lt;br&gt;\r\n	Cable&lt;/p&gt;\r\n&lt;ul&gt;\r\n	&lt;li&gt;\r\n		DVI (Digital Visual Interface)&lt;/li&gt;\r\n	&lt;li&gt;\r\n		FireWire 400&lt;/li&gt;\r\n	&lt;li&gt;\r\n		USB 2.0&lt;/li&gt;\r\n	&lt;li&gt;\r\n		DC power (24 V)&lt;/li&gt;\r\n&lt;/ul&gt;\r\n&lt;p&gt;\r\n	Connectors&lt;/p&gt;\r\n&lt;ul&gt;\r\n	&lt;li&gt;\r\n		Two-port, self-powered USB 2.0 hub&lt;/li&gt;\r\n	&lt;li&gt;\r\n		Two FireWire 400 ports&lt;/li&gt;\r\n	&lt;li&gt;\r\n		Kensington security port&lt;/li&gt;\r\n&lt;/ul&gt;\r\n&lt;p&gt;\r\n	&lt;b&gt;VESA mount adapter&lt;/b&gt;&lt;br&gt;\r\n	Requires optional Cinema Display VESA Mount Adapter (M9649G/A)&lt;/p&gt;\r\n&lt;ul&gt;\r\n	&lt;li&gt;\r\n		Compatible with VESA FDMI (MIS-D, 100, C) compliant mounting solutions&lt;/li&gt;\r\n&lt;/ul&gt;\r\n&lt;p&gt;\r\n	&lt;b&gt;Electrical requirements&lt;/b&gt;&lt;/p&gt;\r\n&lt;ul&gt;\r\n	&lt;li&gt;\r\n		Input voltage: 100-240 VAC 50-60Hz&lt;/li&gt;\r\n	&lt;li&gt;\r\n		Maximum power when operating: 150W&lt;/li&gt;\r\n	&lt;li&gt;\r\n		Energy saver mode: 3W or less&lt;/li&gt;\r\n&lt;/ul&gt;\r\n&lt;p&gt;\r\n	&lt;b&gt;Environmental requirements&lt;/b&gt;&lt;/p&gt;\r\n&lt;ul&gt;\r\n	&lt;li&gt;\r\n		Operating temperature: 50° to 95° F (10° to 35° C)&lt;/li&gt;\r\n	&lt;li&gt;\r\n		Storage temperature: -40° to 116° F (-40° to 47° C)&lt;/li&gt;\r\n	&lt;li&gt;\r\n		Operating humidity: 20% to 80% noncondensing&lt;/li&gt;\r\n	&lt;li&gt;\r\n		Maximum operating altitude: 10,000 feet&lt;/li&gt;\r\n&lt;/ul&gt;\r\n&lt;p&gt;\r\n	&lt;b&gt;Agency approvals&lt;/b&gt;&lt;/p&gt;\r\n&lt;ul&gt;\r\n	&lt;li&gt;\r\n		FCC Part 15 Class B&lt;/li&gt;\r\n	&lt;li&gt;\r\n		EN55022 Class B&lt;/li&gt;\r\n	&lt;li&gt;\r\n		EN55024&lt;/li&gt;\r\n	&lt;li&gt;\r\n		VCCI Class B&lt;/li&gt;\r\n	&lt;li&gt;\r\n		AS/NZS 3548 Class B&lt;/li&gt;\r\n	&lt;li&gt;\r\n		CNS 13438 Class B&lt;/li&gt;\r\n	&lt;li&gt;\r\n		ICES-003 Class B&lt;/li&gt;\r\n	&lt;li&gt;\r\n		ISO 13406 part 2&lt;/li&gt;\r\n	&lt;li&gt;\r\n		MPR II&lt;/li&gt;\r\n	&lt;li&gt;\r\n		IEC 60950&lt;/li&gt;\r\n	&lt;li&gt;\r\n		UL 60950&lt;/li&gt;\r\n	&lt;li&gt;\r\n		CSA 60950&lt;/li&gt;\r\n	&lt;li&gt;\r\n		EN60950&lt;/li&gt;\r\n	&lt;li&gt;\r\n		ENERGY STAR&lt;/li&gt;\r\n	&lt;li&gt;\r\n		TCO ''03&lt;/li&gt;\r\n&lt;/ul&gt;\r\n&lt;p&gt;\r\n	&lt;b&gt;Size and weight&lt;/b&gt;&lt;br&gt;\r\n	30-inch Apple Cinema HD Display&lt;/p&gt;\r\n&lt;ul&gt;\r\n	&lt;li&gt;\r\n		Height: 21.3 inches (54.3 cm)&lt;/li&gt;\r\n	&lt;li&gt;\r\n		Width: 27.2 inches (68.8 cm)&lt;/li&gt;\r\n	&lt;li&gt;\r\n		Depth: 8.46 inches (21.5 cm)&lt;/li&gt;\r\n	&lt;li&gt;\r\n		Weight: 27.5 pounds (12.5 kg)&lt;/li&gt;\r\n&lt;/ul&gt;\r\n&lt;p&gt;\r\n	&lt;b&gt;System Requirements&lt;/b&gt;&lt;/p&gt;\r\n&lt;ul&gt;\r\n	&lt;li&gt;\r\n		Mac Pro, all graphic options&lt;/li&gt;\r\n	&lt;li&gt;\r\n		MacBook Pro&lt;/li&gt;\r\n	&lt;li&gt;\r\n		Power Mac G5 (PCI-X) with ATI Radeon 9650 or better or NVIDIA GeForce 6800 GT DDL or better&lt;/li&gt;\r\n	&lt;li&gt;\r\n		Power Mac G5 (PCI Express), all graphics options&lt;/li&gt;\r\n	&lt;li&gt;\r\n		PowerBook G4 with dual-link DVI support&lt;/li&gt;\r\n	&lt;li&gt;\r\n		Windows PC and graphics card that supports DVI ports with dual-link digital bandwidth and VESA DDC standard for plug-and-play setup&lt;/li&gt;\r\n&lt;/ul&gt;\r\n', '', 'Apple Cinema 30', '', ''),
(30, 1, 'Canon EOS 5D', '&lt;p&gt;\r\n	Canon''s press material for the EOS 5D states that it ''defines (a) new D-SLR category'', while we''re not typically too concerned with marketing talk this particular statement is clearly pretty accurate. The EOS 5D is unlike any previous digital SLR in that it combines a full-frame (35 mm sized) high resolution sensor (12.8 megapixels) with a relatively compact body (slightly larger than the EOS 20D, although in your hand it feels noticeably ''chunkier''). The EOS 5D is aimed to slot in between the EOS 20D and the EOS-1D professional digital SLR''s, an important difference when compared to the latter is that the EOS 5D doesn''t have any environmental seals. While Canon don''t specifically refer to the EOS 5D as a ''professional'' digital SLR it will have obvious appeal to professionals who want a high quality digital SLR in a body lighter than the EOS-1D. It will also no doubt appeal to current EOS 20D owners (although lets hope they''ve not bought too many EF-S lenses...) äë&lt;/p&gt;\r\n', '', 'sdf', '', ''),
(50, 1, 'vReel A3', '', '', 'vReel A3', '', ''),
(51, 1, 'vReel A3', '', '', 'vReel A3', '', '');

-- --------------------------------------------------------

--
-- Структура таблицы `product_discount`
--

CREATE TABLE IF NOT EXISTS `product_discount` (
  `product_discount_id` int(11) NOT NULL AUTO_INCREMENT,
  `product_id` int(11) NOT NULL,
  `customer_group_id` int(11) NOT NULL,
  `quantity` int(4) NOT NULL DEFAULT '0',
  `priority` int(5) NOT NULL DEFAULT '1',
  `price` decimal(15,4) NOT NULL DEFAULT '0.0000',
  `date_start` date NOT NULL DEFAULT '0000-00-00',
  `date_end` date NOT NULL DEFAULT '0000-00-00',
  PRIMARY KEY (`product_discount_id`),
  KEY `product_id` (`product_id`)
) ENGINE=MyISAM  DEFAULT CHARSET=utf8 AUTO_INCREMENT=462 ;

--
-- Дамп данных таблицы `product_discount`
--

INSERT INTO `product_discount` (`product_discount_id`, `product_id`, `customer_group_id`, `quantity`, `priority`, `price`, `date_start`, `date_end`) VALUES
(461, 42, 1, 30, 1, '66.0000', '0000-00-00', '0000-00-00'),
(460, 42, 1, 20, 1, '77.0000', '0000-00-00', '0000-00-00'),
(459, 42, 1, 10, 1, '88.0000', '0000-00-00', '0000-00-00');

-- --------------------------------------------------------

--
-- Структура таблицы `product_filter`
--

CREATE TABLE IF NOT EXISTS `product_filter` (
  `product_id` int(11) NOT NULL,
  `filter_id` int(11) NOT NULL,
  PRIMARY KEY (`product_id`,`filter_id`)
) ENGINE=MyISAM DEFAULT CHARSET=utf8;

--
-- Дамп данных таблицы `product_filter`
--

INSERT INTO `product_filter` (`product_id`, `filter_id`) VALUES
(30, 1),
(30, 2),
(42, 1),
(42, 2);

-- --------------------------------------------------------

--
-- Структура таблицы `product_image`
--

CREATE TABLE IF NOT EXISTS `product_image` (
  `product_image_id` int(11) NOT NULL AUTO_INCREMENT,
  `product_id` int(11) NOT NULL,
  `image` varchar(255) DEFAULT NULL,
  `sort_order` int(3) NOT NULL DEFAULT '0',
  PRIMARY KEY (`product_image_id`),
  KEY `product_id` (`product_id`)
) ENGINE=MyISAM  DEFAULT CHARSET=utf8 AUTO_INCREMENT=2449 ;

--
-- Дамп данных таблицы `product_image`
--

INSERT INTO `product_image` (`product_image_id`, `product_id`, `image`, `sort_order`) VALUES
(2436, 30, 'catalog/demo/canon_eos_5d_3.jpg', 0),
(2391, 47, 'catalog/demo/hp_2.jpg', 0),
(2434, 28, 'catalog/demo/htc_touch_hd_3.jpg', 0),
(2351, 41, 'catalog/demo/imac_3.jpg', 0),
(2426, 40, 'catalog/demo/iphone_4.jpg', 0),
(2001, 36, 'catalog/demo/ipod_nano_5.jpg', 0),
(2000, 36, 'catalog/demo/ipod_nano_4.jpg', 0),
(2005, 34, 'catalog/demo/ipod_shuffle_5.jpg', 0),
(2004, 34, 'catalog/demo/ipod_shuffle_4.jpg', 0),
(2011, 32, 'catalog/demo/ipod_touch_7.jpg', 0),
(2010, 32, 'catalog/demo/ipod_touch_6.jpg', 0),
(2009, 32, 'catalog/demo/ipod_touch_5.jpg', 0),
(2430, 43, 'catalog/demo/macbook_5.jpg', 0),
(2429, 43, 'catalog/demo/macbook_4.jpg', 0),
(2442, 44, 'catalog/demo/macbook_air_4.jpg', 0),
(2441, 44, 'catalog/demo/macbook_air_2.jpg', 0),
(1977, 45, 'catalog/demo/macbook_pro_2.jpg', 0),
(1976, 45, 'catalog/demo/macbook_pro_3.jpg', 0),
(1986, 31, 'catalog/demo/nikon_d300_3.jpg', 0),
(1985, 31, 'catalog/demo/nikon_d300_2.jpg', 0),
(2412, 29, 'catalog/demo/palm_treo_pro_3.jpg', 0),
(1995, 46, 'catalog/demo/sony_vaio_5.jpg', 0),
(1994, 46, 'catalog/demo/sony_vaio_4.jpg', 0),
(2408, 48, 'catalog/demo/ipod_classic_2.jpg', 0),
(2407, 48, 'catalog/demo/ipod_classic_3.jpg', 0),
(2425, 40, 'catalog/demo/iphone_3.jpg', 0),
(2424, 40, 'catalog/demo/iphone_5.jpg', 0),
(2435, 30, 'catalog/demo/canon_eos_5d_2.jpg', 0),
(2390, 47, 'catalog/demo/hp_3.jpg', 0),
(2433, 28, 'catalog/demo/htc_touch_hd_2.jpg', 0),
(2350, 41, 'catalog/demo/imac_2.jpg', 0),
(2423, 40, 'catalog/demo/iphone_2.jpg', 0),
(2422, 40, 'catalog/demo/iphone_6.jpg', 0),
(2406, 48, 'catalog/demo/ipod_classic_4.jpg', 0),
(1999, 36, 'catalog/demo/ipod_nano_2.jpg', 0),
(1998, 36, 'catalog/demo/ipod_nano_3.jpg', 0),
(2003, 34, 'catalog/demo/ipod_shuffle_2.jpg', 0),
(2002, 34, 'catalog/demo/ipod_shuffle_3.jpg', 0),
(2008, 32, 'catalog/demo/ipod_touch_2.jpg', 0),
(2007, 32, 'catalog/demo/ipod_touch_3.jpg', 0),
(2006, 32, 'catalog/demo/ipod_touch_4.jpg', 0),
(2428, 43, 'catalog/demo/macbook_2.jpg', 0),
(2427, 43, 'catalog/demo/macbook_3.jpg', 0),
(2440, 44, 'catalog/demo/macbook_air_3.jpg', 0),
(1975, 45, 'catalog/demo/macbook_pro_4.jpg', 0),
(1984, 31, 'catalog/demo/nikon_d300_4.jpg', 0),
(1983, 31, 'catalog/demo/nikon_d300_5.jpg', 0),
(2411, 29, 'catalog/demo/palm_treo_pro_2.jpg', 0),
(1993, 46, 'catalog/demo/sony_vaio_2.jpg', 0),
(1992, 46, 'catalog/demo/sony_vaio_3.jpg', 0),
(2448, 49, 'catalog/demo/samsung_tab_2.jpg', 0),
(2447, 49, 'catalog/demo/samsung_tab_3.jpg', 0),
(2446, 49, 'catalog/demo/samsung_tab_4.jpg', 0),
(2445, 49, 'catalog/demo/samsung_tab_5.jpg', 0),
(2444, 49, 'catalog/demo/samsung_tab_6.jpg', 0),
(2443, 49, 'catalog/demo/samsung_tab_7.jpg', 0),
(2417, 42, 'catalog/demo/canon_eos_5d_2.jpg', 0),
(2416, 42, 'catalog/demo/canon_eos_5d_1.jpg', 0),
(2415, 42, 'catalog/demo/compaq_presario.jpg', 0),
(2414, 42, 'catalog/demo/hp_1.jpg', 0),
(2413, 42, 'catalog/demo/canon_logo.jpg', 0);

-- --------------------------------------------------------

--
-- Структура таблицы `product_limit`
--

CREATE TABLE IF NOT EXISTS `product_limit` (
  `product_limit_id` int(11) NOT NULL AUTO_INCREMENT,
  `package_name` varchar(64) CHARACTER SET utf8 COLLATE utf8_bin NOT NULL,
  `product_limit` int(11) NOT NULL,
  `sort_order` int(11) NOT NULL,
  `date_add` datetime NOT NULL,
  PRIMARY KEY (`product_limit_id`)
) ENGINE=MyISAM  DEFAULT CHARSET=utf8 AUTO_INCREMENT=5 ;

--
-- Дамп данных таблицы `product_limit`
--

INSERT INTO `product_limit` (`product_limit_id`, `package_name`, `product_limit`, `sort_order`, `date_add`) VALUES
(1, 'Unlimited', 99999, 0, '0000-00-00 00:00:00'),
(2, 'Trial 30 Days', 10, 3, '0000-00-00 00:00:00'),
(3, 'Gold', 1000, 1, '0000-00-00 00:00:00'),
(4, '6 Months', 999, 1, '0000-00-00 00:00:00');

-- --------------------------------------------------------

--
-- Структура таблицы `product_option`
--

CREATE TABLE IF NOT EXISTS `product_option` (
  `product_option_id` int(11) NOT NULL AUTO_INCREMENT,
  `product_id` int(11) NOT NULL,
  `option_id` int(11) NOT NULL,
  `value` text NOT NULL,
  `required` tinyint(1) NOT NULL,
  PRIMARY KEY (`product_option_id`)
) ENGINE=MyISAM  DEFAULT CHARSET=utf8 AUTO_INCREMENT=227 ;

--
-- Дамп данных таблицы `product_option`
--

INSERT INTO `product_option` (`product_option_id`, `product_id`, `option_id`, `value`, `required`) VALUES
(224, 35, 11, '', 0),
(225, 47, 12, '2011-04-22', 0),
(222, 42, 7, '', 0),
(219, 42, 8, '2011-02-20', 0),
(208, 42, 4, 'test', 0),
(218, 42, 1, '', 0),
(217, 42, 5, '', 0),
(226, 30, 5, '', 0),
(209, 42, 6, '', 0),
(223, 42, 2, '', 0),
(220, 42, 10, '2011-02-20 22:25', 0),
(221, 42, 9, '22:25', 0);

-- --------------------------------------------------------

--
-- Структура таблицы `product_option_value`
--

CREATE TABLE IF NOT EXISTS `product_option_value` (
  `product_option_value_id` int(11) NOT NULL AUTO_INCREMENT,
  `product_option_id` int(11) NOT NULL,
  `product_id` int(11) NOT NULL,
  `option_id` int(11) NOT NULL,
  `option_value_id` int(11) NOT NULL,
  `quantity` int(3) NOT NULL,
  `subtract` tinyint(1) NOT NULL,
  `price` decimal(15,4) NOT NULL,
  `price_prefix` varchar(1) NOT NULL,
  `points` int(8) NOT NULL,
  `points_prefix` varchar(1) NOT NULL,
  `weight` decimal(15,8) NOT NULL,
  `weight_prefix` varchar(1) NOT NULL,
  PRIMARY KEY (`product_option_value_id`)
) ENGINE=MyISAM  DEFAULT CHARSET=utf8 AUTO_INCREMENT=17 ;

--
-- Дамп данных таблицы `product_option_value`
--

INSERT INTO `product_option_value` (`product_option_value_id`, `product_option_id`, `product_id`, `option_id`, `option_value_id`, `quantity`, `subtract`, `price`, `price_prefix`, `points`, `points_prefix`, `weight`, `weight_prefix`) VALUES
(7, 218, 42, 1, 43, 300, 1, '30.0000', '+', 3, '+', '30.00000000', '+'),
(5, 218, 42, 1, 32, 96, 1, '10.0000', '+', 1, '+', '10.00000000', '+'),
(6, 218, 42, 1, 31, 146, 1, '20.0000', '+', 2, '-', '20.00000000', '+'),
(2, 217, 42, 5, 42, 200, 1, '2.0000', '+', 0, '+', '2.00000000', '+'),
(1, 217, 42, 5, 41, 100, 0, '1.0000', '+', 0, '+', '1.00000000', '+'),
(14, 224, 35, 11, 48, 15, 1, '15.0000', '+', 0, '+', '0.00000000', '+'),
(12, 224, 35, 11, 46, 0, 1, '5.0000', '+', 0, '+', '0.00000000', '+'),
(15, 226, 30, 5, 39, 2, 1, '0.0000', '+', 0, '+', '0.00000000', '+'),
(16, 226, 30, 5, 40, 5, 1, '0.0000', '+', 0, '+', '0.00000000', '+'),
(4, 217, 42, 5, 39, 92, 1, '4.0000', '+', 0, '+', '4.00000000', '+'),
(9, 223, 42, 2, 24, 194, 1, '20.0000', '+', 0, '+', '20.00000000', '+'),
(3, 217, 42, 5, 40, 300, 0, '3.0000', '+', 0, '+', '3.00000000', '+'),
(13, 224, 35, 11, 47, 10, 1, '10.0000', '+', 0, '+', '0.00000000', '+'),
(8, 223, 42, 2, 23, 48, 1, '10.0000', '+', 0, '+', '10.00000000', '+'),
(10, 223, 42, 2, 44, 2696, 1, '30.0000', '+', 0, '+', '30.00000000', '+'),
(11, 223, 42, 2, 45, 3998, 1, '40.0000', '+', 0, '+', '40.00000000', '+');

-- --------------------------------------------------------

--
-- Структура таблицы `product_recurring`
--

CREATE TABLE IF NOT EXISTS `product_recurring` (
  `product_id` int(11) NOT NULL,
  `recurring_id` int(11) NOT NULL,
  `customer_group_id` int(11) NOT NULL,
  PRIMARY KEY (`product_id`,`recurring_id`,`customer_group_id`)
) ENGINE=MyISAM DEFAULT CHARSET=utf8;

-- --------------------------------------------------------

--
-- Структура таблицы `product_related`
--

CREATE TABLE IF NOT EXISTS `product_related` (
  `product_id` int(11) NOT NULL,
  `related_id` int(11) NOT NULL,
  PRIMARY KEY (`product_id`,`related_id`)
) ENGINE=MyISAM DEFAULT CHARSET=utf8;

--
-- Дамп данных таблицы `product_related`
--

INSERT INTO `product_related` (`product_id`, `related_id`) VALUES
(40, 42),
(41, 42),
(42, 40),
(42, 41);

-- --------------------------------------------------------

--
-- Структура таблицы `product_reward`
--

CREATE TABLE IF NOT EXISTS `product_reward` (
  `product_reward_id` int(11) NOT NULL AUTO_INCREMENT,
  `product_id` int(11) NOT NULL DEFAULT '0',
  `customer_group_id` int(11) NOT NULL DEFAULT '0',
  `points` int(8) NOT NULL DEFAULT '0',
  PRIMARY KEY (`product_reward_id`)
) ENGINE=MyISAM  DEFAULT CHARSET=utf8 AUTO_INCREMENT=572 ;

--
-- Дамп данных таблицы `product_reward`
--

INSERT INTO `product_reward` (`product_reward_id`, `product_id`, `customer_group_id`, `points`) VALUES
(558, 42, 1, 100),
(556, 47, 1, 300),
(562, 28, 1, 400),
(560, 43, 1, 600),
(567, 50, 1, 0),
(568, 30, 1, 200),
(570, 44, 1, 700),
(333, 45, 1, 800),
(337, 31, 1, 0),
(347, 46, 1, 0),
(545, 41, 1, 0),
(351, 36, 1, 0),
(353, 34, 1, 0),
(355, 32, 1, 0),
(571, 49, 1, 1000);

-- --------------------------------------------------------

--
-- Структура таблицы `product_shipping`
--

CREATE TABLE IF NOT EXISTS `product_shipping` (
  `product_shipping_id` int(11) NOT NULL AUTO_INCREMENT,
  `courier_id` int(11) NOT NULL,
  `product_id` int(11) NOT NULL,
  `priority` int(5) NOT NULL,
  `shipping_rate` decimal(15,4) NOT NULL DEFAULT '0.0000',
  `geo_zone_id` int(11) NOT NULL,
  PRIMARY KEY (`product_shipping_id`)
) ENGINE=MyISAM DEFAULT CHARSET=utf8 AUTO_INCREMENT=1 ;

-- --------------------------------------------------------

--
-- Структура таблицы `product_special`
--

CREATE TABLE IF NOT EXISTS `product_special` (
  `product_special_id` int(11) NOT NULL AUTO_INCREMENT,
  `product_id` int(11) NOT NULL,
  `customer_group_id` int(11) NOT NULL,
  `priority` int(5) NOT NULL DEFAULT '1',
  `price` decimal(15,4) NOT NULL DEFAULT '0.0000',
  `date_start` date NOT NULL DEFAULT '0000-00-00',
  `date_end` date NOT NULL DEFAULT '0000-00-00',
  PRIMARY KEY (`product_special_id`),
  KEY `product_id` (`product_id`)
) ENGINE=MyISAM  DEFAULT CHARSET=utf8 AUTO_INCREMENT=461 ;

--
-- Дамп данных таблицы `product_special`
--

INSERT INTO `product_special` (`product_special_id`, `product_id`, `customer_group_id`, `priority`, `price`, `date_start`, `date_end`) VALUES
(456, 42, 1, 1, '90.0000', '0000-00-00', '0000-00-00'),
(460, 30, 1, 2, '90.0000', '0000-00-00', '0000-00-00'),
(459, 30, 1, 1, '80.0000', '0000-00-00', '0000-00-00');

-- --------------------------------------------------------

--
-- Структура таблицы `product_to_category`
--

CREATE TABLE IF NOT EXISTS `product_to_category` (
  `product_id` int(11) NOT NULL,
  `category_id` int(11) NOT NULL,
  PRIMARY KEY (`product_id`,`category_id`),
  KEY `category_id` (`category_id`)
) ENGINE=MyISAM DEFAULT CHARSET=utf8;

--
-- Дамп данных таблицы `product_to_category`
--

INSERT INTO `product_to_category` (`product_id`, `category_id`) VALUES
(28, 20),
(28, 24),
(29, 20),
(29, 24),
(30, 20),
(30, 33),
(31, 33),
(32, 34),
(33, 20),
(33, 28),
(34, 34),
(35, 20),
(36, 34),
(40, 20),
(40, 24),
(41, 27),
(42, 20),
(42, 28),
(43, 18),
(43, 20),
(44, 18),
(44, 20),
(45, 18),
(46, 18),
(46, 20),
(47, 18),
(47, 20),
(48, 20),
(48, 34),
(49, 57),
(50, 20),
(51, 20);

-- --------------------------------------------------------

--
-- Структура таблицы `product_to_download`
--

CREATE TABLE IF NOT EXISTS `product_to_download` (
  `product_id` int(11) NOT NULL,
  `download_id` int(11) NOT NULL,
  PRIMARY KEY (`product_id`,`download_id`)
) ENGINE=MyISAM DEFAULT CHARSET=utf8;

-- --------------------------------------------------------

--
-- Структура таблицы `product_to_layout`
--

CREATE TABLE IF NOT EXISTS `product_to_layout` (
  `product_id` int(11) NOT NULL,
  `store_id` int(11) NOT NULL,
  `layout_id` int(11) NOT NULL,
  PRIMARY KEY (`product_id`,`store_id`)
) ENGINE=MyISAM DEFAULT CHARSET=utf8;

--
-- Дамп данных таблицы `product_to_layout`
--

INSERT INTO `product_to_layout` (`product_id`, `store_id`, `layout_id`) VALUES
(42, 0, 0),
(30, 0, 0),
(48, 0, 0),
(47, 0, 0),
(35, 0, 0),
(29, 0, 0),
(43, 0, 0),
(40, 0, 0),
(28, 0, 0),
(50, 0, 0),
(44, 0, 0),
(33, 0, 0),
(49, 0, 0);

-- --------------------------------------------------------

--
-- Структура таблицы `product_to_store`
--

CREATE TABLE IF NOT EXISTS `product_to_store` (
  `product_id` int(11) NOT NULL,
  `store_id` int(11) NOT NULL DEFAULT '0',
  PRIMARY KEY (`product_id`,`store_id`)
) ENGINE=MyISAM DEFAULT CHARSET=utf8;

--
-- Дамп данных таблицы `product_to_store`
--

INSERT INTO `product_to_store` (`product_id`, `store_id`) VALUES
(28, 0),
(29, 0),
(30, 0),
(31, 0),
(32, 0),
(33, 0),
(34, 0),
(35, 0),
(36, 0),
(40, 0),
(41, 0),
(42, 0),
(43, 0),
(44, 0),
(45, 0),
(46, 0),
(47, 0),
(48, 0),
(49, 0),
(50, 0),
(51, 0);

-- --------------------------------------------------------

--
-- Структура таблицы `recurring`
--

CREATE TABLE IF NOT EXISTS `recurring` (
  `recurring_id` int(11) NOT NULL AUTO_INCREMENT,
  `price` decimal(10,4) NOT NULL,
  `frequency` enum('day','week','semi_month','month','year') NOT NULL,
  `duration` int(10) unsigned NOT NULL,
  `cycle` int(10) unsigned NOT NULL,
  `trial_status` tinyint(4) NOT NULL,
  `trial_price` decimal(10,4) NOT NULL,
  `trial_frequency` enum('day','week','semi_month','month','year') NOT NULL,
  `trial_duration` int(10) unsigned NOT NULL,
  `trial_cycle` int(10) unsigned NOT NULL,
  `status` tinyint(4) NOT NULL,
  `sort_order` int(11) NOT NULL,
  PRIMARY KEY (`recurring_id`)
) ENGINE=MyISAM DEFAULT CHARSET=utf8 AUTO_INCREMENT=1 ;

-- --------------------------------------------------------

--
-- Структура таблицы `recurring_description`
--

CREATE TABLE IF NOT EXISTS `recurring_description` (
  `recurring_id` int(11) NOT NULL,
  `language_id` int(11) NOT NULL,
  `name` varchar(255) NOT NULL,
  PRIMARY KEY (`recurring_id`,`language_id`)
) ENGINE=MyISAM DEFAULT CHARSET=utf8;

-- --------------------------------------------------------

--
-- Структура таблицы `return`
--

CREATE TABLE IF NOT EXISTS `return` (
  `return_id` int(11) NOT NULL AUTO_INCREMENT,
  `order_id` int(11) NOT NULL,
  `product_id` int(11) NOT NULL,
  `customer_id` int(11) NOT NULL,
  `firstname` varchar(32) NOT NULL,
  `lastname` varchar(32) NOT NULL,
  `email` varchar(96) NOT NULL,
  `telephone` varchar(32) NOT NULL,
  `product` varchar(255) NOT NULL,
  `model` varchar(64) NOT NULL,
  `quantity` int(4) NOT NULL,
  `opened` tinyint(1) NOT NULL,
  `return_reason_id` int(11) NOT NULL,
  `return_action_id` int(11) NOT NULL,
  `return_status_id` int(11) NOT NULL,
  `comment` text,
  `date_ordered` date NOT NULL DEFAULT '0000-00-00',
  `date_added` datetime NOT NULL,
  `date_modified` datetime NOT NULL,
  PRIMARY KEY (`return_id`)
) ENGINE=MyISAM DEFAULT CHARSET=utf8 AUTO_INCREMENT=1 ;

-- --------------------------------------------------------

--
-- Структура таблицы `return_action`
--

CREATE TABLE IF NOT EXISTS `return_action` (
  `return_action_id` int(11) NOT NULL AUTO_INCREMENT,
  `language_id` int(11) NOT NULL DEFAULT '0',
  `name` varchar(64) NOT NULL,
  PRIMARY KEY (`return_action_id`,`language_id`)
) ENGINE=MyISAM  DEFAULT CHARSET=utf8 AUTO_INCREMENT=4 ;

--
-- Дамп данных таблицы `return_action`
--

INSERT INTO `return_action` (`return_action_id`, `language_id`, `name`) VALUES
(1, 1, 'Refunded'),
(2, 1, 'Credit Issued'),
(3, 1, 'Replacement Sent');

-- --------------------------------------------------------

--
-- Структура таблицы `return_history`
--

CREATE TABLE IF NOT EXISTS `return_history` (
  `return_history_id` int(11) NOT NULL AUTO_INCREMENT,
  `return_id` int(11) NOT NULL,
  `return_status_id` int(11) NOT NULL,
  `notify` tinyint(1) NOT NULL,
  `comment` text NOT NULL,
  `date_added` datetime NOT NULL,
  PRIMARY KEY (`return_history_id`)
) ENGINE=MyISAM DEFAULT CHARSET=utf8 AUTO_INCREMENT=1 ;

-- --------------------------------------------------------

--
-- Структура таблицы `return_reason`
--

CREATE TABLE IF NOT EXISTS `return_reason` (
  `return_reason_id` int(11) NOT NULL AUTO_INCREMENT,
  `language_id` int(11) NOT NULL DEFAULT '0',
  `name` varchar(128) NOT NULL,
  PRIMARY KEY (`return_reason_id`,`language_id`)
) ENGINE=MyISAM  DEFAULT CHARSET=utf8 AUTO_INCREMENT=6 ;

--
-- Дамп данных таблицы `return_reason`
--

INSERT INTO `return_reason` (`return_reason_id`, `language_id`, `name`) VALUES
(1, 1, 'Dead On Arrival'),
(2, 1, 'Received Wrong Item'),
(3, 1, 'Order Error'),
(4, 1, 'Faulty, please supply details'),
(5, 1, 'Other, please supply details');

-- --------------------------------------------------------

--
-- Структура таблицы `return_status`
--

CREATE TABLE IF NOT EXISTS `return_status` (
  `return_status_id` int(11) NOT NULL AUTO_INCREMENT,
  `language_id` int(11) NOT NULL DEFAULT '0',
  `name` varchar(32) NOT NULL,
  PRIMARY KEY (`return_status_id`,`language_id`)
) ENGINE=MyISAM  DEFAULT CHARSET=utf8 AUTO_INCREMENT=4 ;

--
-- Дамп данных таблицы `return_status`
--

INSERT INTO `return_status` (`return_status_id`, `language_id`, `name`) VALUES
(1, 1, 'Pending'),
(3, 1, 'Complete'),
(2, 1, 'Awaiting Products');

-- --------------------------------------------------------

--
-- Структура таблицы `review`
--

CREATE TABLE IF NOT EXISTS `review` (
  `review_id` int(11) NOT NULL AUTO_INCREMENT,
  `product_id` int(11) NOT NULL,
  `customer_id` int(11) NOT NULL,
  `author` varchar(64) NOT NULL,
  `text` text NOT NULL,
  `rating` int(1) NOT NULL,
  `status` tinyint(1) NOT NULL DEFAULT '0',
  `date_added` datetime NOT NULL,
  `date_modified` datetime NOT NULL,
  PRIMARY KEY (`review_id`),
  KEY `product_id` (`product_id`)
) ENGINE=MyISAM DEFAULT CHARSET=utf8 AUTO_INCREMENT=1 ;

-- --------------------------------------------------------

--
-- Структура таблицы `setting`
--

CREATE TABLE IF NOT EXISTS `setting` (
  `setting_id` int(11) NOT NULL AUTO_INCREMENT,
  `store_id` int(11) NOT NULL DEFAULT '0',
  `code` varchar(32) NOT NULL,
  `key` varchar(64) NOT NULL,
  `value` text NOT NULL,
  `serialized` tinyint(1) NOT NULL,
  PRIMARY KEY (`setting_id`)
) ENGINE=MyISAM  DEFAULT CHARSET=utf8 AUTO_INCREMENT=1964 ;

--
-- Дамп данных таблицы `setting`
--

INSERT INTO `setting` (`setting_id`, `store_id`, `code`, `key`, `value`, `serialized`) VALUES
(1, 0, 'shipping', 'shipping_sort_order', '3', 0),
(2, 0, 'sub_total', 'sub_total_sort_order', '1', 0),
(3, 0, 'sub_total', 'sub_total_status', '1', 0),
(4, 0, 'tax', 'tax_status', '1', 0),
(5, 0, 'total', 'total_sort_order', '9', 0),
(6, 0, 'total', 'total_status', '1', 0),
(7, 0, 'tax', 'tax_sort_order', '5', 0),
(8, 0, 'free_checkout', 'free_checkout_sort_order', '1', 0),
(9, 0, 'cod', 'cod_sort_order', '5', 0),
(10, 0, 'cod', 'cod_total', '0.01', 0),
(11, 0, 'cod', 'cod_order_status_id', '1', 0),
(12, 0, 'cod', 'cod_geo_zone_id', '0', 0),
(13, 0, 'cod', 'cod_status', '1', 0),
(14, 0, 'shipping', 'shipping_status', '1', 0),
(15, 0, 'shipping', 'shipping_estimator', '1', 0),
(27, 0, 'coupon', 'coupon_sort_order', '4', 0),
(28, 0, 'coupon', 'coupon_status', '1', 0),
(34, 0, 'flat', 'flat_sort_order', '1', 0),
(35, 0, 'flat', 'flat_status', '1', 0),
(36, 0, 'flat', 'flat_geo_zone_id', '0', 0),
(37, 0, 'flat', 'flat_tax_class_id', '9', 0),
(41, 0, 'flat', 'flat_cost', '5.00', 0),
(42, 0, 'credit', 'credit_sort_order', '7', 0),
(43, 0, 'credit', 'credit_status', '1', 0),
(53, 0, 'reward', 'reward_sort_order', '2', 0),
(54, 0, 'reward', 'reward_status', '1', 0),
(146, 0, 'category', 'category_status', '1', 0),
(158, 0, 'account', 'account_status', '1', 0),
(159, 0, 'affiliate', 'affiliate_status', '1', 0),
(628, 0, 'product_filter_class', 'product_filter_class', 'product-row', 0),
(1933, 0, 'config', 'config_error_display', '1', 0),
(1934, 0, 'config', 'config_error_log', '1', 0),
(997, 0, 'bank_transfer', 'bank_transfer_bank1', 'Bank Transfer Instructions', 0),
(1935, 0, 'config', 'config_error_filename', 'error.log', 0),
(94, 0, 'voucher', 'voucher_sort_order', '8', 0),
(95, 0, 'voucher', 'voucher_status', '1', 0),
(103, 0, 'free_checkout', 'free_checkout_status', '1', 0),
(104, 0, 'free_checkout', 'free_checkout_order_status_id', '1', 0),
(1932, 0, 'config', 'config_file_mime_allowed', 'text/plain\r\nimage/png\r\nimage/jpeg\r\nimage/gif\r\nimage/bmp\r\nimage/tiff\r\nimage/svg+xml\r\napplication/zip\r\n&quot;application/zip&quot;\r\napplication/x-zip\r\n&quot;application/x-zip&quot;\r\napplication/x-zip-compressed\r\n&quot;application/x-zip-compressed&quot;\r\napplication/rar\r\n&quot;application/rar&quot;\r\napplication/x-rar\r\n&quot;application/x-rar&quot;\r\napplication/x-rar-compressed\r\n&quot;application/x-rar-compressed&quot;\r\napplication/octet-stream\r\n&quot;application/octet-stream&quot;\r\naudio/mpeg\r\nvideo/quicktime\r\napplication/pdf', 0),
(1925, 0, 'config', 'config_compression', '9', 0),
(1926, 0, 'config', 'config_secure', '0', 0),
(1927, 0, 'config', 'config_password', '1', 0),
(1928, 0, 'config', 'config_shared', '1', 0),
(1929, 0, 'config', 'config_encryption', '1MfsnO05QCct7cp29soRGaA3D9VC9xPghSwyRof8ANUh4lhldJ7UKKEkHC9cqchOQ34nU8iQVeBGLQvmVzFMc3zaGxVaZNV55QQXWg4MTgyNLF1IodEFDSateuMPc0znMyjK63JmWn9W4lyODvGhhtNRBmZ1Kb3NRuNq1ojocFes1M8k2UY9YWXybvPA5EJSG6OH1vgXGfPe7ENswJs7eaZuGwHa8037rOKzPTPmK1f05Zo3au7moXwR9oBRyYRJxHKIgXvT62x5GY9rI993kr651qshfoZ6PMCKgHGAFyq0ZT754PbV3y4PXHLrZXtYO8ndqY5YBoBMCeyZmfhYEVn0erPgMuasAZtDE8lzi32AOOcsqhI8INSYUiLQo9hsidE4k2lBl1hdS7UAdjdQl48t4PamKwVxyUicea8RtELyNYAPtsqP9OSQSseutJfrGn3pfVnQBHmQTbaNGbEK5d2HzS9q5Hwe6bbHwOZUJZ66z8DQUPCbGJ5LUQ1l9IYNtbDc4Iv9iMXwAljCpvymcNfTnIPBXyD65cc6ACnwWuZPiu4bN1wPDoZi5RB8BmJxbdwRdAex9aLCifuMVLWho6K6IVPMpdKh1YQnydS0V7CVHYPtAZfFSKg3pDizYoMKkn0W0Dl9NmEmotVFx16NTQmQhvWcddVBAIDO7jDBIVWzfOt2mQCT0CMa45CLaIspvjAvtLtYhUAVBRxHVTnJNPdcxizPwVoDzNu2KsyfJC90UjrdXRljbhfyissbqFgZcl0Ii5lrAg0uHtWWpm5Ez8U4VV5PPGmKQDcI4olqlLyOAq4WEhmBZyho5vZiu2i0P1O24jMPmhU86p9nZqbFGLa3VTEJGFTpPiXJdmcVkfyPMDtTkxSJ4Qc3haMfw7LgKXcdhL2jSbxtDj91TM0SC8GYJsZoFVhDr6PPWoIcToPstU4iWPQ85WacaHilljlBoSmKlrRCANhbQ3qhYWUlY0pLKocZZWkdVKpw8A69uf8T16qI72nAVt4F1dJHeAMG', 0),
(1930, 0, 'config', 'config_file_max_size', '300000', 0),
(1931, 0, 'config', 'config_file_ext_allowed', 'zip\r\ntxt\r\npng\r\njpe\r\njpeg\r\njpg\r\ngif\r\nbmp\r\nico\r\ntiff\r\ntif\r\nsvg\r\nsvgz\r\nzip\r\nrar\r\nmsi\r\ncab\r\nmp3\r\nqt\r\nmov\r\npdf\r\npsd\r\nai\r\neps\r\nps\r\ndoc', 0),
(1924, 0, 'config', 'config_robots', 'abot\r\ndbot\r\nebot\r\nhbot\r\nkbot\r\nlbot\r\nmbot\r\nnbot\r\nobot\r\npbot\r\nrbot\r\nsbot\r\ntbot\r\nvbot\r\nybot\r\nzbot\r\nbot.\r\nbot/\r\n_bot\r\n.bot\r\n/bot\r\n-bot\r\n:bot\r\n(bot\r\ncrawl\r\nslurp\r\nspider\r\nseek\r\naccoona\r\nacoon\r\nadressendeutschland\r\nah-ha.com\r\nahoy\r\naltavista\r\nananzi\r\nanthill\r\nappie\r\narachnophilia\r\narale\r\naraneo\r\naranha\r\narchitext\r\naretha\r\narks\r\nasterias\r\natlocal\r\natn\r\natomz\r\naugurfind\r\nbackrub\r\nbannana_bot\r\nbaypup\r\nbdfetch\r\nbig brother\r\nbiglotron\r\nbjaaland\r\nblackwidow\r\nblaiz\r\nblog\r\nblo.\r\nbloodhound\r\nboitho\r\nbooch\r\nbradley\r\nbutterfly\r\ncalif\r\ncassandra\r\nccubee\r\ncfetch\r\ncharlotte\r\nchurl\r\ncienciaficcion\r\ncmc\r\ncollective\r\ncomagent\r\ncombine\r\ncomputingsite\r\ncsci\r\ncurl\r\ncusco\r\ndaumoa\r\ndeepindex\r\ndelorie\r\ndepspid\r\ndeweb\r\ndie blinde kuh\r\ndigger\r\nditto\r\ndmoz\r\ndocomo\r\ndownload express\r\ndtaagent\r\ndwcp\r\nebiness\r\nebingbong\r\ne-collector\r\nejupiter\r\nemacs-w3 search engine\r\nesther\r\nevliya celebi\r\nezresult\r\nfalcon\r\nfelix ide\r\nferret\r\nfetchrover\r\nfido\r\nfindlinks\r\nfireball\r\nfish search\r\nfouineur\r\nfunnelweb\r\ngazz\r\ngcreep\r\ngenieknows\r\ngetterroboplus\r\ngeturl\r\nglx\r\ngoforit\r\ngolem\r\ngrabber\r\ngrapnel\r\ngralon\r\ngriffon\r\ngromit\r\ngrub\r\ngulliver\r\nhamahakki\r\nharvest\r\nhavindex\r\nhelix\r\nheritrix\r\nhku www octopus\r\nhomerweb\r\nhtdig\r\nhtml index\r\nhtml_analyzer\r\nhtmlgobble\r\nhubater\r\nhyper-decontextualizer\r\nia_archiver\r\nibm_planetwide\r\nichiro\r\niconsurf\r\niltrovatore\r\nimage.kapsi.net\r\nimagelock\r\nincywincy\r\nindexer\r\ninfobee\r\ninformant\r\ningrid\r\ninktomisearch.com\r\ninspector web\r\nintelliagent\r\ninternet shinchakubin\r\nip3000\r\niron33\r\nisraeli-search\r\nivia\r\njack\r\njakarta\r\njavabee\r\njetbot\r\njumpstation\r\nkatipo\r\nkdd-explorer\r\nkilroy\r\nknowledge\r\nkototoi\r\nkretrieve\r\nlabelgrabber\r\nlachesis\r\nlarbin\r\nlegs\r\nlibwww\r\nlinkalarm\r\nlink validator\r\nlinkscan\r\nlockon\r\nlwp\r\nlycos\r\nmagpie\r\nmantraagent\r\nmapoftheinternet\r\nmarvin/\r\nmattie\r\nmediafox\r\nmediapartners\r\nmercator\r\nmerzscope\r\nmicrosoft url control\r\nminirank\r\nmiva\r\nmj12\r\nmnogosearch\r\nmoget\r\nmonster\r\nmoose\r\nmotor\r\nmultitext\r\nmuncher\r\nmuscatferret\r\nmwd.search\r\nmyweb\r\nnajdi\r\nnameprotect\r\nnationaldirectory\r\nnazilla\r\nncsa beta\r\nnec-meshexplorer\r\nnederland.zoek\r\nnetcarta webmap engine\r\nnetmechanic\r\nnetresearchserver\r\nnetscoop\r\nnewscan-online\r\nnhse\r\nnokia6682/\r\nnomad\r\nnoyona\r\nnutch\r\nnzexplorer\r\nobjectssearch\r\noccam\r\nomni\r\nopen text\r\nopenfind\r\nopenintelligencedata\r\norb search\r\nosis-project\r\npack rat\r\npageboy\r\npagebull\r\npage_verifier\r\npanscient\r\nparasite\r\npartnersite\r\npatric\r\npear.\r\npegasus\r\nperegrinator\r\npgp key agent\r\nphantom\r\nphpdig\r\npicosearch\r\npiltdownman\r\npimptrain\r\npinpoint\r\npioneer\r\npiranha\r\nplumtreewebaccessor\r\npogodak\r\npoirot\r\npompos\r\npoppelsdorf\r\npoppi\r\npopular iconoclast\r\npsycheclone\r\npublisher\r\npython\r\nrambler\r\nraven search\r\nroach\r\nroad runner\r\nroadhouse\r\nrobbie\r\nrobofox\r\nrobozilla\r\nrules\r\nsalty\r\nsbider\r\nscooter\r\nscoutjet\r\nscrubby\r\nsearch.\r\nsearchprocess\r\nsemanticdiscovery\r\nsenrigan\r\nsg-scout\r\nshai''hulud\r\nshark\r\nshopwiki\r\nsidewinder\r\nsift\r\nsilk\r\nsimmany\r\nsite searcher\r\nsite valet\r\nsitetech-rover\r\nskymob.com\r\nsleek\r\nsmartwit\r\nsna-\r\nsnappy\r\nsnooper\r\nsohu\r\nspeedfind\r\nsphere\r\nsphider\r\nspinner\r\nspyder\r\nsteeler/\r\nsuke\r\nsuntek\r\nsupersnooper\r\nsurfnomore\r\nsven\r\nsygol\r\nszukacz\r\ntach black widow\r\ntarantula\r\ntempleton\r\n/teoma\r\nt-h-u-n-d-e-r-s-t-o-n-e\r\ntheophrastus\r\ntitan\r\ntitin\r\ntkwww\r\ntoutatis\r\nt-rex\r\ntutorgig\r\ntwiceler\r\ntwisted\r\nucsd\r\nudmsearch\r\nurl check\r\nupdated\r\nvagabondo\r\nvalkyrie\r\nverticrawl\r\nvictoria\r\nvision-search\r\nvolcano\r\nvoyager/\r\nvoyager-hc\r\nw3c_validator\r\nw3m2\r\nw3mir\r\nwalker\r\nwallpaper\r\nwanderer\r\nwauuu\r\nwavefire\r\nweb core\r\nweb hopper\r\nweb wombat\r\nwebbandit\r\nwebcatcher\r\nwebcopy\r\nwebfoot\r\nweblayers\r\nweblinker\r\nweblog monitor\r\nwebmirror\r\nwebmonkey\r\nwebquest\r\nwebreaper\r\nwebsitepulse\r\nwebsnarf\r\nwebstolperer\r\nwebvac\r\nwebwalk\r\nwebwatch\r\nwebwombat\r\nwebzinger\r\nwhizbang\r\nwhowhere\r\nwild ferret\r\nworldlight\r\nwwwc\r\nwwwster\r\nxenu\r\nxget\r\nxift\r\nxirq\r\nyandex\r\nyanga\r\nyeti\r\nyodao\r\nzao\r\nzippp\r\nzyborg', 0),
(1923, 0, 'config', 'config_seo_url', '1', 0),
(1922, 0, 'config', 'config_maintenance', '0', 0),
(1921, 0, 'config', 'config_mail_alert', '', 0),
(1920, 0, 'config', 'config_mail_smtp_timeout', '5', 0),
(1919, 0, 'config', 'config_mail_smtp_port', '25', 0),
(1918, 0, 'config', 'config_mail_smtp_password', '', 0),
(1917, 0, 'config', 'config_mail_smtp_username', '', 0),
(1916, 0, 'config', 'config_mail_smtp_hostname', '', 0),
(1915, 0, 'config', 'config_mail_parameter', '', 0),
(1913, 0, 'config', 'config_ftp_status', '1', 0),
(1914, 0, 'config', 'config_mail_protocol', 'mail', 0),
(1912, 0, 'config', 'config_ftp_root', '', 0),
(1911, 0, 'config', 'config_ftp_password', 'indicart', 0),
(1910, 0, 'config', 'config_ftp_username', 'indicart', 0),
(1909, 0, 'config', 'config_ftp_port', '21', 0),
(1558, 0, 'theme_default', 'theme_default_image_cart_height', '47', 0),
(1557, 0, 'theme_default', 'theme_default_image_cart_width', '47', 0),
(1556, 0, 'theme_default', 'theme_default_image_wishlist_height', '47', 0),
(1555, 0, 'theme_default', 'theme_default_image_wishlist_width', '47', 0),
(1554, 0, 'theme_default', 'theme_default_image_compare_height', '90', 0),
(1553, 0, 'theme_default', 'theme_default_image_compare_width', '90', 0),
(1552, 0, 'theme_default', 'theme_default_image_related_height', '200', 0),
(1551, 0, 'theme_default', 'theme_default_image_related_width', '200', 0),
(1550, 0, 'theme_default', 'theme_default_image_additional_height', '74', 0),
(1549, 0, 'theme_default', 'theme_default_image_additional_width', '74', 0),
(1548, 0, 'theme_default', 'theme_default_image_product_height', '228', 0),
(1547, 0, 'theme_default', 'theme_default_image_product_width', '228', 0),
(1546, 0, 'theme_default', 'theme_default_image_popup_height', '500', 0),
(1545, 0, 'theme_default', 'theme_default_image_popup_width', '500', 0),
(1543, 0, 'theme_default', 'theme_default_image_thumb_width', '228', 0),
(1544, 0, 'theme_default', 'theme_default_image_thumb_height', '228', 0),
(1542, 0, 'theme_default', 'theme_default_image_category_height', '80', 0),
(1541, 0, 'theme_default', 'theme_default_image_category_width', '80', 0),
(1540, 0, 'theme_default', 'theme_default_product_description_length', '100', 0),
(1908, 0, 'config', 'config_ftp_hostname', 'indicart', 0),
(1906, 0, 'config', 'config_logo', 'catalog/MyPaperCart-02.jpg', 0),
(1907, 0, 'config', 'config_icon', 'catalog/cart.png', 0),
(1905, 0, 'config', 'config_captcha_page', '["review","return","contact"]', 1),
(1904, 0, 'config', 'config_captcha', '', 0),
(1902, 0, 'config', 'config_return_id', '0', 0),
(1903, 0, 'config', 'config_return_status_id', '2', 0),
(1901, 0, 'config', 'config_affiliate_mail', '0', 0),
(1900, 0, 'config', 'config_affiliate_id', '4', 0),
(1899, 0, 'config', 'config_affiliate_commission', '5', 0),
(1898, 0, 'config', 'config_affiliate_auto', '0', 0),
(1897, 0, 'config', 'config_affiliate_approval', '0', 0),
(1896, 0, 'config', 'config_stock_checkout', '0', 0),
(1895, 0, 'config', 'config_stock_warning', '1', 0),
(1894, 0, 'config', 'config_stock_display', '0', 0),
(1892, 0, 'config', 'config_order_mail', '0', 0),
(1893, 0, 'config', 'config_api_id', '1', 0),
(1891, 0, 'config', 'config_fraud_status_id', '7', 0),
(1890, 0, 'config', 'config_complete_status', '["5","3"]', 1),
(1889, 0, 'config', 'config_processing_status', '["5","1","2","12","3"]', 1),
(1888, 0, 'config', 'config_order_status_id', '2', 0),
(1887, 0, 'config', 'config_checkout_id', '5', 0),
(1886, 0, 'config', 'config_checkout_guest', '0', 0),
(1885, 0, 'config', 'config_cart_weight', '1', 0),
(1884, 0, 'config', 'config_invoice_prefix', 'INV-2016-00', 0),
(1883, 0, 'config', 'config_account_mail', '1', 0),
(1882, 0, 'config', 'config_account_id', '3', 0),
(410, 0, 'filter', 'filter_status', '1', 0),
(627, 0, 'gsm_filter_range', 'gsm_filter_range', '0-600', 0),
(625, 0, 'length_filter_range', 'length_filter_range', '0-140', 0),
(626, 0, 'width_filter_range', 'width_filter_range', '0-100', 0),
(1957, 0, 'paper_filter', 'paper_filter_status', '1', 0),
(1881, 0, 'config', 'config_login_attempts', '5', 0),
(1880, 0, 'config', 'config_customer_price', '1', 0),
(1879, 0, 'config', 'config_customer_group_display', '["1"]', 1),
(1878, 0, 'config', 'config_customer_group_id', '1', 0),
(1877, 0, 'config', 'config_customer_online', '1', 0),
(1876, 0, 'config', 'config_tax_customer', 'payment', 0),
(1875, 0, 'config', 'config_tax_default', 'shipping', 0),
(1874, 0, 'config', 'config_tax', '0', 0),
(1873, 0, 'config', 'config_voucher_max', '1000', 0),
(1872, 0, 'config', 'config_voucher_min', '1', 0),
(1871, 0, 'config', 'config_review_mail', '0', 0),
(1870, 0, 'config', 'config_review_guest', '0', 0),
(1869, 0, 'config', 'config_review_status', '0', 0),
(1868, 0, 'config', 'config_limit_admin', '1000', 0),
(1867, 0, 'config', 'config_product_count', '1', 0),
(1866, 0, 'config', 'config_weight_class_id', '1', 0),
(1865, 0, 'config', 'config_length_class_id', '1', 0),
(1864, 0, 'config', 'config_currency_auto', '0', 0),
(1863, 0, 'config', 'config_currency', 'INR', 0),
(1862, 0, 'config', 'config_admin_language', 'en-gb', 0),
(1861, 0, 'config', 'config_language', 'en-gb', 0),
(1860, 0, 'config', 'config_zone_id', '', 0),
(1859, 0, 'config', 'config_country_id', '258', 0),
(1858, 0, 'config', 'config_comment', '', 0),
(1855, 0, 'config', 'config_fax', '', 0),
(1856, 0, 'config', 'config_image', '', 0),
(1857, 0, 'config', 'config_open', '11.00:18.00', 0),
(1854, 0, 'config', 'config_telephone', '01123271000', 0),
(1852, 0, 'config', 'config_geocode', '', 0),
(1853, 0, 'config', 'config_email', 'dk.pochtamp@gmail.com', 0),
(1851, 0, 'config', 'config_address', 'Address 1', 0),
(1850, 0, 'config', 'config_owner', 'MyPaperCart', 0),
(1849, 0, 'config', 'config_name', 'MyPaperCart', 0),
(998, 0, 'bank_transfer', 'bank_transfer_total', '', 0),
(999, 0, 'bank_transfer', 'bank_transfer_order_status_id', '2', 0),
(1000, 0, 'bank_transfer', 'bank_transfer_geo_zone_id', '0', 0),
(1001, 0, 'bank_transfer', 'bank_transfer_status', '1', 0),
(1002, 0, 'bank_transfer', 'bank_transfer_sort_order', '', 0),
(1003, 0, 'cheque', 'cheque_payable', 'Payable To', 0),
(1004, 0, 'cheque', 'cheque_total', '', 0),
(1005, 0, 'cheque', 'cheque_order_status_id', '2', 0),
(1006, 0, 'cheque', 'cheque_geo_zone_id', '0', 0),
(1007, 0, 'cheque', 'cheque_status', '1', 0),
(1008, 0, 'cheque', 'cheque_sort_order', '', 0),
(1848, 0, 'config', 'config_layout_id', '4', 0),
(1846, 0, 'config', 'config_meta_keyword', '', 0),
(1847, 0, 'config', 'config_theme', 'theme_default', 0),
(1842, 0, 'mvd', 'mvd_signup_category', '["35","36","45","46","47","52","58","20","26","28","29","30","31","32","18","27","25","57","17","24","33","34"]', 1),
(1843, 0, 'mvd', 'mvd_signup_store', '["0"]', 1),
(1840, 0, 'mvd', 'mvd_signup_policy', '0', 0),
(1841, 0, 'mvd', 'mvd_signup_commission', '1:1:1:0', 0),
(1839, 0, 'mvd', 'mvd_signup_default_payment_method', '0', 0),
(1838, 0, 'mvd', 'mvd_signup_show_plan', '0', 0),
(1837, 0, 'mvd', 'mvd_signup_auto_approval', '0', 0),
(1834, 0, 'mvd', 'mvd_bank_order_status', '2', 0),
(1835, 0, 'mvd', 'mvd_bank_status', '1', 0),
(1836, 0, 'mvd', 'mvd_sign_up', '0', 0),
(1831, 0, 'mvd', 'mvd_signup_paypal_sandbox', '0', 0),
(1832, 0, 'mvd', 'mvd_paypal_status', '1', 0),
(1833, 0, 'mvd', 'mvd_bank_transfer_bank1', 'bank Transfer Instructions', 0),
(1830, 0, 'mvd', 'mvd_signup_paypal_email', '', 0),
(1829, 0, 'mvd', 'mvd_order_status', '2', 0),
(1828, 0, 'mvd', 'mvd_stock_threshold', '5', 0),
(1827, 0, 'mvd', 'mvd_product_notification', '1', 0),
(1826, 0, 'mvd', 'mvd_payment_gateway_status', '1', 0),
(1825, 0, 'mvd', 'mvd_store_activated', '0', 0),
(1824, 0, 'mvd', 'mvd_sales_order_allow_notification', '0', 0),
(1823, 0, 'mvd', 'mvd_sales_order_history_update', '0', 0),
(1822, 0, 'mvd', 'mvd_sales_order_history', '0', 0),
(1821, 0, 'mvd', 'mvd_sales_product', '1', 0),
(1820, 0, 'mvd', 'mvd_sales_customer_detail', '0', 0),
(1819, 0, 'mvd', 'mvd_sales_order_detail', '0', 0),
(1818, 0, 'mvd', 'mvd_sales_order_invoice_address', '0', 0),
(1559, 0, 'theme_default', 'theme_default_image_location_width', '268', 0),
(1539, 0, 'theme_default', 'theme_default_product_limit', '100', 0),
(1538, 0, 'theme_default', 'theme_default_status', '1', 0),
(1537, 0, 'theme_default', 'theme_default_directory', 'default', 0),
(1560, 0, 'theme_default', 'theme_default_image_location_height', '50', 0),
(1817, 0, 'mvd', 'mvd_menu_bar', '0', 0),
(1816, 0, 'mvd', 'mvd_category_menu', '0', 0),
(1815, 0, 'mvd', 'mvd_reward_points', '0', 0),
(1813, 0, 'mvd', 'mvd_vendor_tab', '0', 0),
(1814, 0, 'mvd', 'mvd_desgin_tab', '0', 0),
(1812, 0, 'mvd', 'mvd_bulk_products_activation', '0', 0),
(1809, 0, 'mvd', 'mvd_show_vendor_telephone', '0', 0),
(1811, 0, 'mvd', 'mvd_product_edit_approval', '1', 0),
(1810, 0, 'mvd', 'mvd_product_approval', '1', 0),
(1808, 0, 'mvd', 'mvd_show_vendor_email', '0', 0),
(1807, 0, 'mvd', 'mvd_show_vendor_address', '0', 0),
(1806, 0, 'mvd', 'mvd_show_cust_shipping_address', '0', 0),
(1805, 0, 'mvd', 'mvd_show_cust_telephone', '0', 0),
(1958, 0, 'range_filter', 'range_filter', '1', 0),
(1959, 0, 'manufacturer_filter', 'manufacturer_filter', '1', 0),
(1960, 0, 'location_filter', 'location_filter', '1', 0),
(1961, 0, 'reel_filter', 'reel_filter', '1', 0),
(1962, 0, 'grain_filter', 'grain_filter', '1', 0),
(1963, 0, 'slider_filter', 'slider_filter', '1', 0),
(1804, 0, 'mvd', 'mvd_show_cust_email', '0', 0),
(1802, 0, 'mvd', 'mvd_show_order_status', '0', 0),
(1803, 0, 'mvd', 'mvd_show_payment_method', '0', 0),
(1801, 0, 'mvd', 'mvd_show_order_id', '0', 0),
(1800, 0, 'mvd', 'mvd_history_order_message1', 'History Order Message', 0),
(1799, 0, 'mvd', 'mvd_new_order_message1', 'New Order Message', 0),
(1798, 0, 'mvd', 'mvd_email_status', '1', 0),
(1845, 0, 'config', 'config_meta_description', 'MyPaperCart', 0),
(1844, 0, 'config', 'config_meta_title', 'MyPaperCart', 0);

-- --------------------------------------------------------

--
-- Структура таблицы `signup_fee_history`
--

CREATE TABLE IF NOT EXISTS `signup_fee_history` (
  `signup_fee_id` int(11) NOT NULL AUTO_INCREMENT,
  `user_id` int(11) NOT NULL,
  `signup_fee` decimal(15,2) NOT NULL DEFAULT '0.00',
  `commission_type` tinyint(2) NOT NULL,
  `paid_status` tinyint(1) NOT NULL DEFAULT '0',
  `signup_plan` varchar(256) COLLATE utf8_bin NOT NULL,
  `status` tinyint(1) NOT NULL DEFAULT '0',
  `vendor_name` varchar(256) COLLATE utf8_bin NOT NULL,
  `username` varchar(256) COLLATE utf8_bin NOT NULL,
  `user_date_start` date NOT NULL,
  `user_date_end` date NOT NULL,
  `date_added` datetime NOT NULL,
  PRIMARY KEY (`signup_fee_id`)
) ENGINE=MyISAM  DEFAULT CHARSET=utf8 COLLATE=utf8_bin AUTO_INCREMENT=49 ;

-- --------------------------------------------------------

--
-- Структура таблицы `stock_status`
--

CREATE TABLE IF NOT EXISTS `stock_status` (
  `stock_status_id` int(11) NOT NULL AUTO_INCREMENT,
  `language_id` int(11) NOT NULL,
  `name` varchar(32) NOT NULL,
  PRIMARY KEY (`stock_status_id`,`language_id`)
) ENGINE=MyISAM  DEFAULT CHARSET=utf8 AUTO_INCREMENT=9 ;

--
-- Дамп данных таблицы `stock_status`
--

INSERT INTO `stock_status` (`stock_status_id`, `language_id`, `name`) VALUES
(7, 1, 'In Stock'),
(8, 1, 'Pre-Order'),
(5, 1, 'Out Of Stock'),
(6, 1, '2-3 Days');

-- --------------------------------------------------------

--
-- Структура таблицы `store`
--

CREATE TABLE IF NOT EXISTS `store` (
  `store_id` int(11) NOT NULL AUTO_INCREMENT,
  `name` varchar(64) NOT NULL,
  `url` varchar(255) NOT NULL,
  `ssl` varchar(255) NOT NULL,
  PRIMARY KEY (`store_id`)
) ENGINE=MyISAM DEFAULT CHARSET=utf8 AUTO_INCREMENT=1 ;

-- --------------------------------------------------------

--
-- Структура таблицы `tax_class`
--

CREATE TABLE IF NOT EXISTS `tax_class` (
  `tax_class_id` int(11) NOT NULL AUTO_INCREMENT,
  `title` varchar(32) NOT NULL,
  `description` varchar(255) NOT NULL,
  `date_added` datetime NOT NULL,
  `date_modified` datetime NOT NULL,
  PRIMARY KEY (`tax_class_id`)
) ENGINE=MyISAM  DEFAULT CHARSET=utf8 AUTO_INCREMENT=11 ;

--
-- Дамп данных таблицы `tax_class`
--

INSERT INTO `tax_class` (`tax_class_id`, `title`, `description`, `date_added`, `date_modified`) VALUES
(9, 'Taxable Goods', 'Taxed goods', '2009-01-06 23:21:53', '2016-07-10 05:11:50'),
(10, 'Bleached Paper Tax', 'Bleached Paper', '2011-09-21 22:19:39', '2016-07-10 05:11:21');

-- --------------------------------------------------------

--
-- Структура таблицы `tax_rate`
--

CREATE TABLE IF NOT EXISTS `tax_rate` (
  `tax_rate_id` int(11) NOT NULL AUTO_INCREMENT,
  `geo_zone_id` int(11) NOT NULL DEFAULT '0',
  `name` varchar(32) NOT NULL,
  `rate` decimal(15,4) NOT NULL DEFAULT '0.0000',
  `type` char(1) NOT NULL,
  `date_added` datetime NOT NULL,
  `date_modified` datetime NOT NULL,
  PRIMARY KEY (`tax_rate_id`)
) ENGINE=MyISAM  DEFAULT CHARSET=utf8 AUTO_INCREMENT=90 ;

--
-- Дамп данных таблицы `tax_rate`
--

INSERT INTO `tax_rate` (`tax_rate_id`, `geo_zone_id`, `name`, `rate`, `type`, `date_added`, `date_modified`) VALUES
(88, 5, 'Delhi Taxes', '7.5000', 'F', '2016-07-10 05:08:51', '2016-07-10 05:08:51'),
(89, 6, 'Imphal Taxes', '2.5000', 'F', '2016-07-10 05:09:07', '2016-07-10 05:09:14');

-- --------------------------------------------------------

--
-- Структура таблицы `tax_rate_to_customer_group`
--

CREATE TABLE IF NOT EXISTS `tax_rate_to_customer_group` (
  `tax_rate_id` int(11) NOT NULL,
  `customer_group_id` int(11) NOT NULL,
  PRIMARY KEY (`tax_rate_id`,`customer_group_id`)
) ENGINE=MyISAM DEFAULT CHARSET=utf8;

--
-- Дамп данных таблицы `tax_rate_to_customer_group`
--

INSERT INTO `tax_rate_to_customer_group` (`tax_rate_id`, `customer_group_id`) VALUES
(88, 1),
(89, 1);

-- --------------------------------------------------------

--
-- Структура таблицы `tax_rule`
--

CREATE TABLE IF NOT EXISTS `tax_rule` (
  `tax_rule_id` int(11) NOT NULL AUTO_INCREMENT,
  `tax_class_id` int(11) NOT NULL,
  `tax_rate_id` int(11) NOT NULL,
  `based` varchar(10) NOT NULL,
  `priority` int(5) NOT NULL DEFAULT '1',
  PRIMARY KEY (`tax_rule_id`)
) ENGINE=MyISAM  DEFAULT CHARSET=utf8 AUTO_INCREMENT=133 ;

--
-- Дамп данных таблицы `tax_rule`
--

INSERT INTO `tax_rule` (`tax_rule_id`, `tax_class_id`, `tax_rate_id`, `based`, `priority`) VALUES
(129, 10, 88, 'shipping', 0),
(132, 9, 89, 'shipping', 0),
(131, 9, 88, 'shipping', 0),
(130, 10, 89, 'shipping', 0);

-- --------------------------------------------------------

--
-- Структура таблицы `upload`
--

CREATE TABLE IF NOT EXISTS `upload` (
  `upload_id` int(11) NOT NULL AUTO_INCREMENT,
  `name` varchar(255) NOT NULL,
  `filename` varchar(255) NOT NULL,
  `code` varchar(255) NOT NULL,
  `date_added` datetime NOT NULL,
  PRIMARY KEY (`upload_id`)
) ENGINE=MyISAM DEFAULT CHARSET=utf8 AUTO_INCREMENT=1 ;

-- --------------------------------------------------------

--
-- Структура таблицы `url_alias`
--

CREATE TABLE IF NOT EXISTS `url_alias` (
  `url_alias_id` int(11) NOT NULL AUTO_INCREMENT,
  `query` varchar(255) NOT NULL,
  `keyword` varchar(255) NOT NULL,
  PRIMARY KEY (`url_alias_id`),
  KEY `query` (`query`),
  KEY `keyword` (`keyword`)
) ENGINE=MyISAM  DEFAULT CHARSET=utf8 AUTO_INCREMENT=888 ;

--
-- Дамп данных таблицы `url_alias`
--

INSERT INTO `url_alias` (`url_alias_id`, `query`, `keyword`) VALUES
(871, 'product_id=48', 'ipod-classic'),
(865, 'category_id=20', 'allproducts'),
(834, 'category_id=26', 'pc'),
(835, 'category_id=27', 'mac'),
(730, 'manufacturer_id=8', 'apple'),
(772, 'information_id=4', 'about_us'),
(874, 'product_id=42', 'test'),
(789, 'category_id=34', 'mp3-players'),
(781, 'category_id=36', 'test2'),
(774, 'category_id=18', 'laptop-notebook'),
(775, 'category_id=46', 'macs'),
(776, 'category_id=45', 'windows'),
(777, 'category_id=25', 'component'),
(778, 'category_id=29', 'mouse'),
(779, 'category_id=28', 'monitor'),
(780, 'category_id=35', 'test1'),
(782, 'category_id=30', 'printer'),
(783, 'category_id=31', 'scanner'),
(784, 'category_id=32', 'web-camera'),
(785, 'category_id=57', 'tablet'),
(786, 'category_id=17', 'software'),
(787, 'category_id=24', 'smartphone'),
(847, 'category_id=33', 'camera'),
(792, 'category_id=47', 'test15'),
(797, 'category_id=52', 'test20'),
(798, 'category_id=58', 'test25'),
(883, 'product_id=30', 'canon-eos-5d'),
(859, 'product_id=47', 'hp-lp3065'),
(880, 'product_id=28', 'htc-touch-hd'),
(877, 'product_id=43', 'macbook'),
(885, 'product_id=44', 'macbook-air'),
(814, 'product_id=45', 'macbook-pro'),
(816, 'product_id=31', 'nikon-d300'),
(873, 'product_id=29', 'palm-treo-pro'),
(887, 'product_id=49', 'samsung-galaxy-tab-10-1'),
(886, 'product_id=33', 'samsung-syncmaster-941bw'),
(821, 'product_id=46', 'sony-vaio'),
(837, 'product_id=41', 'imac'),
(876, 'product_id=40', 'iphone'),
(825, 'product_id=36', 'ipod-nano'),
(826, 'product_id=34', 'ipod-shuffle'),
(827, 'product_id=32', 'ipod-touch'),
(828, 'manufacturer_id=9', 'canon'),
(829, 'manufacturer_id=5', 'htc'),
(830, 'manufacturer_id=7', 'hewlett-packard'),
(831, 'manufacturer_id=6', 'palm'),
(832, 'manufacturer_id=10', 'sony'),
(841, 'information_id=6', 'delivery'),
(842, 'information_id=3', 'privacy'),
(843, 'information_id=5', 'terms'),
(878, 'product_id=35', 'reel-a-four'),
(882, 'product_id=51', '');

-- --------------------------------------------------------

--
-- Структура таблицы `user`
--

CREATE TABLE IF NOT EXISTS `user` (
  `user_id` int(11) NOT NULL AUTO_INCREMENT,
  `user_group_id` int(11) NOT NULL,
  `username` varchar(20) NOT NULL,
  `password` varchar(40) NOT NULL,
  `salt` varchar(9) NOT NULL,
  `firstname` varchar(32) NOT NULL,
  `lastname` varchar(32) NOT NULL,
  `email` varchar(96) NOT NULL,
  `image` varchar(255) NOT NULL,
  `code` varchar(40) NOT NULL,
  `ip` varchar(40) NOT NULL,
  `status` tinyint(1) NOT NULL,
  `date_added` datetime NOT NULL,
  `cat_permission` text CHARACTER SET utf8 COLLATE utf8_bin NOT NULL,
  `store_permission` text CHARACTER SET utf8 COLLATE utf8_bin NOT NULL,
  `vendor_permission` int(11) NOT NULL,
  `folder` varchar(128) CHARACTER SET utf8 COLLATE utf8_bin NOT NULL,
  `user_date_start` date NOT NULL,
  `user_date_end` date NOT NULL,
  PRIMARY KEY (`user_id`)
) ENGINE=MyISAM  DEFAULT CHARSET=utf8 AUTO_INCREMENT=3 ;

--
-- Дамп данных таблицы `user`
--

INSERT INTO `user` (`user_id`, `user_group_id`, `username`, `password`, `salt`, `firstname`, `lastname`, `email`, `image`, `code`, `ip`, `status`, `date_added`, `cat_permission`, `store_permission`, `vendor_permission`, `folder`, `user_date_start`, `user_date_end`) VALUES
(1, 1, 'master', 'f5d514f4c4474e090ff0c2b96487b112a958dc48', 'K55vLMGKA', 'John', 'Doe', 'dk.pochtamp@gmail.com', '', '', '175.204.191.182', 1, '2016-06-14 02:51:11', '', '', 0, '', '0000-00-00', '0000-00-00'),
(2, 50, 'test', '17d62d174ac9f6d5adafe44ac77e7dafead917e3', 'amFxqEOXS', 'vendor', 'lastname', 'test@email.com', '', '', '59.177.178.96', 1, '2016-06-23 05:53:40', 'a:22:{i:0;s:2:"35";i:1;s:2:"36";i:2;s:2:"45";i:3;s:2:"46";i:4;s:2:"47";i:5;s:2:"52";i:6;s:2:"58";i:7;s:2:"20";i:8;s:2:"26";i:9;s:2:"28";i:10;s:2:"29";i:11;s:2:"30";i:12;s:2:"31";i:13;s:2:"32";i:14;s:2:"18";i:15;s:2:"27";i:16;s:2:"25";i:17;s:2:"57";i:18;s:2:"17";i:19;s:2:"24";i:20;s:2:"33";i:21;s:2:"34";}', 'a:1:{i:0;s:1:"0";}', 3, '', '0000-00-00', '0000-00-00');

-- --------------------------------------------------------

--
-- Структура таблицы `user_group`
--

CREATE TABLE IF NOT EXISTS `user_group` (
  `user_group_id` int(11) NOT NULL AUTO_INCREMENT,
  `name` varchar(64) NOT NULL,
  `permission` text NOT NULL,
  PRIMARY KEY (`user_group_id`)
) ENGINE=MyISAM  DEFAULT CHARSET=utf8 AUTO_INCREMENT=52 ;

--
-- Дамп данных таблицы `user_group`
--

INSERT INTO `user_group` (`user_group_id`, `name`, `permission`) VALUES
(1, 'Administrator', '{"access":["analytics\\/google_analytics","captcha\\/basic_captcha","captcha\\/google_captcha","catalog\\/attribute","catalog\\/attribute_group","catalog\\/category","catalog\\/commission","catalog\\/courier","catalog\\/download","catalog\\/filter","catalog\\/information","catalog\\/manufacturer","catalog\\/mvd_attribute","catalog\\/mvd_attribute_group","catalog\\/mvd_category","catalog\\/mvd_download","catalog\\/mvd_information","catalog\\/mvd_option","catalog\\/mvd_product","catalog\\/option","catalog\\/product","catalog\\/prolimit","catalog\\/prostatctrl","catalog\\/recurring","catalog\\/review","catalog\\/vdi_attribute","catalog\\/vdi_attribute_group","catalog\\/vdi_category","catalog\\/vdi_download","catalog\\/vdi_information","catalog\\/vdi_option","catalog\\/vdi_product","catalog\\/vdi_vendor_profile","catalog\\/vendor","catalog\\/vendor_setting","common\\/column_left","common\\/filemanager","common\\/menu","common\\/profile","common\\/stats","common\\/vdi_dashboard","common\\/vdi_filemanager","common\\/vdi_header","common\\/vdi_stats","customer\\/custom_field","customer\\/customer","customer\\/customer_group","dashboard\\/vdi_chart","dashboard\\/vdi_map","dashboard\\/vdi_order","dashboard\\/vdi_order_stock","dashboard\\/vdi_recent","dashboard\\/vdi_sale","design\\/banner","design\\/language","design\\/layout","design\\/theme","event\\/theme","extension\\/analytics","extension\\/captcha","extension\\/feed","extension\\/fraud","extension\\/installer","extension\\/modification","extension\\/module","extension\\/openbay","extension\\/payment","extension\\/shipping","extension\\/theme","extension\\/total","feed\\/google_base","feed\\/google_sitemap","feed\\/openbaypro","fraud\\/fraudlabspro","fraud\\/ip","fraud\\/maxmind","localisation\\/country","localisation\\/currency","localisation\\/geo_zone","localisation\\/language","localisation\\/length_class","localisation\\/location","localisation\\/order_status","localisation\\/return_action","localisation\\/return_reason","localisation\\/return_status","localisation\\/stock_status","localisation\\/tax_class","localisation\\/tax_rate","localisation\\/weight_class","localisation\\/zone","marketing\\/affiliate","marketing\\/contact","marketing\\/coupon","marketing\\/marketing","marketing\\/mvd_coupon","marketing\\/vdi_coupon","module\\/account","module\\/affiliate","module\\/amazon_login","module\\/amazon_pay","module\\/banner","module\\/bestseller","module\\/carousel","module\\/category","module\\/ebay_listing","module\\/featured","module\\/filter","module\\/google_hangouts","module\\/html","module\\/information","module\\/latest","module\\/laybuy_layout","module\\/paper_filter","module\\/pp_button","module\\/pp_login","module\\/sagepay_direct_cards","module\\/sagepay_server_cards","module\\/slideshow","module\\/special","module\\/store","openbay\\/amazon","openbay\\/amazon_listing","openbay\\/amazon_product","openbay\\/amazonus","openbay\\/amazonus_listing","openbay\\/amazonus_product","openbay\\/ebay","openbay\\/ebay_profile","openbay\\/ebay_template","openbay\\/etsy","openbay\\/etsy_product","openbay\\/etsy_shipping","openbay\\/etsy_shop","openbay\\/fba","payment\\/amazon_login_pay","payment\\/authorizenet_aim","payment\\/authorizenet_sim","payment\\/bank_transfer","payment\\/bluepay_hosted","payment\\/bluepay_redirect","payment\\/cardinity","payment\\/cheque","payment\\/cod","payment\\/eway","payment\\/firstdata","payment\\/firstdata_remote","payment\\/free_checkout","payment\\/g2apay","payment\\/globalpay","payment\\/globalpay_remote","payment\\/klarna_account","payment\\/klarna_invoice","payment\\/laybuy","payment\\/liqpay","payment\\/mvd_banktransfer","payment\\/mvd_cheque","payment\\/mvd_ppstandard","payment\\/nochex","payment\\/paymate","payment\\/paypoint","payment\\/payza","payment\\/perpetual_payments","payment\\/pp_express","payment\\/pp_payflow","payment\\/pp_payflow_iframe","payment\\/pp_pro","payment\\/pp_pro_iframe","payment\\/pp_standard","payment\\/realex","payment\\/realex_remote","payment\\/sagepay_direct","payment\\/sagepay_server","payment\\/sagepay_us","payment\\/securetrading_pp","payment\\/securetrading_ws","payment\\/skrill","payment\\/twocheckout","payment\\/web_payment_software","payment\\/worldpay","report\\/affiliate","report\\/affiliate_activity","report\\/affiliate_login","report\\/customer_activity","report\\/customer_credit","report\\/customer_login","report\\/customer_online","report\\/customer_order","report\\/customer_reward","report\\/marketing","report\\/mvd_vendor_transaction","report\\/product_purchased","report\\/product_viewed","report\\/sale_coupon","report\\/sale_order","report\\/sale_return","report\\/sale_shipping","report\\/sale_tax","report\\/vdi_product_purchased","report\\/vdi_product_viewed","report\\/vdi_transaction","report\\/vendor_payment_type","sale\\/contstatctrl","sale\\/mvd_contract_history","sale\\/mvd_payment_history","sale\\/order","sale\\/recurring","sale\\/return","sale\\/vdi_contract_history","sale\\/vdi_order","sale\\/voucher","sale\\/voucher_theme","setting\\/setting","setting\\/store","shipping\\/auspost","shipping\\/citylink","shipping\\/fedex","shipping\\/flat","shipping\\/free","shipping\\/item","shipping\\/mvdm_flat","shipping\\/mvflat","shipping\\/parcelforce_48","shipping\\/pickup","shipping\\/royal_mail","shipping\\/ups","shipping\\/usps","shipping\\/weight","startup\\/error","startup\\/event","startup\\/login","startup\\/permission","startup\\/router","startup\\/sass","startup\\/startup","theme\\/theme_default","tool\\/backup","tool\\/csv","tool\\/error_log","tool\\/upload","total\\/coupon","total\\/credit","total\\/handling","total\\/klarna_fee","total\\/low_order_fee","total\\/reward","total\\/shipping","total\\/sub_total","total\\/tax","total\\/total","total\\/voucher","user\\/api","user\\/user","user\\/user_permission","user\\/vdi_user_password","tool\\/csv_erase"],"modify":["analytics\\/google_analytics","captcha\\/basic_captcha","captcha\\/google_captcha","catalog\\/attribute","catalog\\/attribute_group","catalog\\/category","catalog\\/commission","catalog\\/courier","catalog\\/download","catalog\\/filter","catalog\\/information","catalog\\/manufacturer","catalog\\/mvd_attribute","catalog\\/mvd_attribute_group","catalog\\/mvd_category","catalog\\/mvd_download","catalog\\/mvd_information","catalog\\/mvd_option","catalog\\/mvd_product","catalog\\/option","catalog\\/product","catalog\\/prolimit","catalog\\/prostatctrl","catalog\\/recurring","catalog\\/review","catalog\\/vdi_attribute","catalog\\/vdi_attribute_group","catalog\\/vdi_category","catalog\\/vdi_download","catalog\\/vdi_information","catalog\\/vdi_option","catalog\\/vdi_product","catalog\\/vdi_vendor_profile","catalog\\/vendor","catalog\\/vendor_setting","common\\/column_left","common\\/filemanager","common\\/menu","common\\/profile","common\\/stats","common\\/vdi_dashboard","common\\/vdi_filemanager","common\\/vdi_header","common\\/vdi_stats","customer\\/custom_field","customer\\/customer","customer\\/customer_group","dashboard\\/vdi_chart","dashboard\\/vdi_map","dashboard\\/vdi_order","dashboard\\/vdi_order_stock","dashboard\\/vdi_recent","dashboard\\/vdi_sale","design\\/banner","design\\/language","design\\/layout","design\\/theme","event\\/theme","extension\\/analytics","extension\\/captcha","extension\\/feed","extension\\/fraud","extension\\/installer","extension\\/modification","extension\\/module","extension\\/openbay","extension\\/payment","extension\\/shipping","extension\\/theme","extension\\/total","feed\\/google_base","feed\\/google_sitemap","feed\\/openbaypro","fraud\\/fraudlabspro","fraud\\/ip","fraud\\/maxmind","localisation\\/country","localisation\\/currency","localisation\\/geo_zone","localisation\\/language","localisation\\/length_class","localisation\\/location","localisation\\/order_status","localisation\\/return_action","localisation\\/return_reason","localisation\\/return_status","localisation\\/stock_status","localisation\\/tax_class","localisation\\/tax_rate","localisation\\/weight_class","localisation\\/zone","marketing\\/affiliate","marketing\\/contact","marketing\\/coupon","marketing\\/marketing","marketing\\/mvd_coupon","marketing\\/vdi_coupon","module\\/account","module\\/affiliate","module\\/amazon_login","module\\/amazon_pay","module\\/banner","module\\/bestseller","module\\/carousel","module\\/category","module\\/ebay_listing","module\\/featured","module\\/filter","module\\/google_hangouts","module\\/html","module\\/information","module\\/latest","module\\/laybuy_layout","module\\/paper_filter","module\\/pp_button","module\\/pp_login","module\\/sagepay_direct_cards","module\\/sagepay_server_cards","module\\/slideshow","module\\/special","module\\/store","openbay\\/amazon","openbay\\/amazon_listing","openbay\\/amazon_product","openbay\\/amazonus","openbay\\/amazonus_listing","openbay\\/amazonus_product","openbay\\/ebay","openbay\\/ebay_profile","openbay\\/ebay_template","openbay\\/etsy","openbay\\/etsy_product","openbay\\/etsy_shipping","openbay\\/etsy_shop","openbay\\/fba","payment\\/amazon_login_pay","payment\\/authorizenet_aim","payment\\/authorizenet_sim","payment\\/bank_transfer","payment\\/bluepay_hosted","payment\\/bluepay_redirect","payment\\/cardinity","payment\\/cheque","payment\\/cod","payment\\/eway","payment\\/firstdata","payment\\/firstdata_remote","payment\\/free_checkout","payment\\/g2apay","payment\\/globalpay","payment\\/globalpay_remote","payment\\/klarna_account","payment\\/klarna_invoice","payment\\/laybuy","payment\\/liqpay","payment\\/mvd_banktransfer","payment\\/mvd_cheque","payment\\/mvd_ppstandard","payment\\/nochex","payment\\/paymate","payment\\/paypoint","payment\\/payza","payment\\/perpetual_payments","payment\\/pp_express","payment\\/pp_payflow","payment\\/pp_payflow_iframe","payment\\/pp_pro","payment\\/pp_pro_iframe","payment\\/pp_standard","payment\\/realex","payment\\/realex_remote","payment\\/sagepay_direct","payment\\/sagepay_server","payment\\/sagepay_us","payment\\/securetrading_pp","payment\\/securetrading_ws","payment\\/skrill","payment\\/twocheckout","payment\\/web_payment_software","payment\\/worldpay","report\\/affiliate","report\\/affiliate_activity","report\\/affiliate_login","report\\/customer_activity","report\\/customer_credit","report\\/customer_login","report\\/customer_online","report\\/customer_order","report\\/customer_reward","report\\/marketing","report\\/mvd_vendor_transaction","report\\/product_purchased","report\\/product_viewed","report\\/sale_coupon","report\\/sale_order","report\\/sale_return","report\\/sale_shipping","report\\/sale_tax","report\\/vdi_product_purchased","report\\/vdi_product_viewed","report\\/vdi_transaction","report\\/vendor_payment_type","sale\\/contstatctrl","sale\\/mvd_contract_history","sale\\/mvd_payment_history","sale\\/order","sale\\/recurring","sale\\/return","sale\\/vdi_contract_history","sale\\/vdi_order","sale\\/voucher","sale\\/voucher_theme","setting\\/setting","setting\\/store","shipping\\/auspost","shipping\\/citylink","shipping\\/fedex","shipping\\/flat","shipping\\/free","shipping\\/item","shipping\\/mvdm_flat","shipping\\/mvflat","shipping\\/parcelforce_48","shipping\\/pickup","shipping\\/royal_mail","shipping\\/ups","shipping\\/usps","shipping\\/weight","startup\\/error","startup\\/event","startup\\/login","startup\\/permission","startup\\/router","startup\\/sass","startup\\/startup","theme\\/theme_default","tool\\/backup","tool\\/csv","tool\\/error_log","tool\\/upload","total\\/coupon","total\\/credit","total\\/handling","total\\/klarna_fee","total\\/low_order_fee","total\\/reward","total\\/shipping","total\\/sub_total","total\\/tax","total\\/total","total\\/voucher","user\\/api","user\\/user","user\\/user_permission","user\\/vdi_user_password","tool\\/csv_erase"]}'),
(10, 'Demonstration', ''),
(50, 'Vendor', '{"access":["catalog/vdi_attribute","catalog/vdi_attribute_group","catalog/vdi_category","catalog/vdi_download","catalog/vdi_information","catalog/vdi_option","catalog/vdi_product","catalog/vdi_vendor_profile","common/vdi_dashboard","common/vdi_filemanager","common/vdi_header","common/vdi_stats","customer/custom_field","customer/customer","dashboard/vdi_chart","dashboard/vdi_map","dashboard/vdi_order","dashboard/vdi_order_stock","dashboard/vdi_recent","dashboard/vdi_sale","extension/openbay","localisation/language","localisation/order_status","localisation/stock_status","marketing/vdi_coupon","report/vdi_product_purchased","report/vdi_product_viewed","report/vdi_transaction","sale/vdi_contract_history","sale/vdi_order","setting/setting","user/api","user/vdi_user_password"],"modify":["catalog/vdi_attribute","catalog/vdi_attribute_group","catalog/vdi_download","catalog/vdi_information","catalog/vdi_option","catalog/vdi_product","catalog/vdi_vendor_profile","common/vdi_dashboard","common/vdi_filemanager","common/vdi_header","common/vdi_stats","dashboard/vdi_chart","dashboard/vdi_map","dashboard/vdi_order","dashboard/vdi_order_stock","dashboard/vdi_recent","dashboard/vdi_sale","marketing/vdi_coupon","report/vdi_product_purchased","report/vdi_product_viewed","report/vdi_transaction","sale/vdi_contract_history","sale/vdi_order","setting/setting","user/vdi_user_password"]}'),
(51, 'Vendor_Hide_Category', '{"access":["catalog/vdi_attribute","catalog/vdi_attribute_group","catalog/vdi_category","catalog/vdi_download","catalog/vdi_information","catalog/vdi_option","catalog/vdi_product","catalog/vdi_vendor_profile","common/vdi_dashboard","common/vdi_filemanager","common/vdi_header","common/vdi_stats","customer/custom_field","customer/customer","dashboard/vdi_chart","dashboard/vdi_map","dashboard/vdi_order","dashboard/vdi_order_stock","dashboard/vdi_recent","dashboard/vdi_sale","extension/openbay","localisation/language","localisation/order_status","localisation/stock_status","marketing/vdi_coupon","report/vdi_product_purchased","report/vdi_product_viewed","report/vdi_transaction","sale/vdi_contract_history","sale/vdi_order","setting/setting","user/api","user/vdi_user_password"],"modify":["catalog/vdi_attribute","catalog/vdi_attribute_group","catalog/vdi_download","catalog/vdi_information","catalog/vdi_option","catalog/vdi_product","catalog/vdi_vendor_profile","common/vdi_dashboard","common/vdi_filemanager","common/vdi_header","common/vdi_stats","dashboard/vdi_chart","dashboard/vdi_map","dashboard/vdi_order","dashboard/vdi_order_stock","dashboard/vdi_recent","dashboard/vdi_sale","marketing/vdi_coupon","report/vdi_product_purchased","report/vdi_product_viewed","report/vdi_transaction","sale/vdi_contract_history","sale/vdi_order","setting/setting","user/vdi_user_password"]}');

-- --------------------------------------------------------

--
-- Структура таблицы `vendor`
--

CREATE TABLE IF NOT EXISTS `vendor` (
  `vendor_id` int(11) NOT NULL AUTO_INCREMENT,
  `vproduct_id` int(11) NOT NULL,
  `ori_country` varchar(128) COLLATE utf8_bin NOT NULL,
  `product_cost` decimal(15,4) NOT NULL DEFAULT '0.0000',
  `shipping_method` int(2) NOT NULL DEFAULT '0',
  `prefered_shipping` int(2) NOT NULL DEFAULT '0',
  `shipping_cost` decimal(15,4) NOT NULL DEFAULT '0.0000',
  `vtotal` decimal(15,4) NOT NULL DEFAULT '0.0000',
  `product_url` text COLLATE utf8_bin NOT NULL,
  `vendor` int(11) NOT NULL,
  `wholesale` varchar(128) COLLATE utf8_bin NOT NULL,
  `date_add` datetime NOT NULL,
  PRIMARY KEY (`vendor_id`)
) ENGINE=MyISAM  DEFAULT CHARSET=utf8 COLLATE=utf8_bin AUTO_INCREMENT=56 ;

--
-- Дамп данных таблицы `vendor`
--

INSERT INTO `vendor` (`vendor_id`, `vproduct_id`, `ori_country`, `product_cost`, `shipping_method`, `prefered_shipping`, `shipping_cost`, `vtotal`, `product_url`, `vendor`, `wholesale`, `date_add`) VALUES
(54, 50, '99', '249.0000', 0, 0, '0.0000', '229.0000', '', 3, '', '2016-07-08 18:37:19'),
(55, 51, '', '0.0000', 0, 0, '0.0000', '0.0000', '', 3, '', '2016-07-10 20:13:42');

-- --------------------------------------------------------

--
-- Структура таблицы `vendors`
--

CREATE TABLE IF NOT EXISTS `vendors` (
  `vendor_id` int(11) NOT NULL AUTO_INCREMENT,
  `user_id` int(11) NOT NULL,
  `vendor_name` varchar(256) CHARACTER SET utf8 COLLATE utf8_bin NOT NULL,
  `commission_id` int(11) NOT NULL,
  `product_limit_id` int(11) NOT NULL,
  `company` varchar(256) CHARACTER SET utf8 COLLATE utf8_bin NOT NULL,
  `company_id` varchar(64) CHARACTER SET utf8 COLLATE utf8_bin NOT NULL,
  `vendor_description` text CHARACTER SET utf8 COLLATE utf8_bin NOT NULL,
  `telephone` varchar(20) CHARACTER SET utf8 COLLATE utf8_bin NOT NULL,
  `fax` varchar(20) CHARACTER SET utf8 COLLATE utf8_bin NOT NULL,
  `email` varchar(50) CHARACTER SET utf8 COLLATE utf8_bin NOT NULL,
  `paypal_email` varchar(50) CHARACTER SET utf8 COLLATE utf8_bin NOT NULL,
  `iban` varchar(128) CHARACTER SET utf8 COLLATE utf8_bin NOT NULL,
  `bank_name` varchar(256) CHARACTER SET utf8 COLLATE utf8_bin NOT NULL,
  `bank_address` text CHARACTER SET utf8 COLLATE utf8_bin NOT NULL,
  `swift_bic` varchar(64) CHARACTER SET utf8 COLLATE utf8_bin NOT NULL,
  `tax_id` varchar(128) CHARACTER SET utf8 COLLATE utf8_bin NOT NULL,
  `accept_paypal` tinyint(2) NOT NULL,
  `accept_cheques` tinyint(2) NOT NULL,
  `accept_bank_transfer` tinyint(2) NOT NULL,
  `store_url` text CHARACTER SET utf8 COLLATE utf8_bin NOT NULL,
  `vendor_image` varchar(255) CHARACTER SET utf8 COLLATE utf8_unicode_ci NOT NULL,
  `firstname` varchar(128) CHARACTER SET utf8 COLLATE utf8_bin NOT NULL,
  `lastname` varchar(128) CHARACTER SET utf8 COLLATE utf8_bin NOT NULL,
  `address_1` varchar(128) CHARACTER SET utf8 COLLATE utf8_bin NOT NULL,
  `address_2` varchar(128) CHARACTER SET utf8 COLLATE utf8_bin NOT NULL,
  `city` varchar(128) CHARACTER SET utf8 COLLATE utf8_bin NOT NULL,
  `postcode` varchar(10) CHARACTER SET utf8 COLLATE utf8_bin NOT NULL,
  `country_id` int(11) NOT NULL,
  `zone_id` int(11) NOT NULL,
  `sort_order` int(11) NOT NULL,
  `date_add` datetime NOT NULL,
  PRIMARY KEY (`vendor_id`)
) ENGINE=MyISAM  DEFAULT CHARSET=utf8 AUTO_INCREMENT=4 ;

--
-- Дамп данных таблицы `vendors`
--

INSERT INTO `vendors` (`vendor_id`, `user_id`, `vendor_name`, `commission_id`, `product_limit_id`, `company`, `company_id`, `vendor_description`, `telephone`, `fax`, `email`, `paypal_email`, `iban`, `bank_name`, `bank_address`, `swift_bic`, `tax_id`, `accept_paypal`, `accept_cheques`, `accept_bank_transfer`, `store_url`, `vendor_image`, `firstname`, `lastname`, `address_1`, `address_2`, `city`, `postcode`, `country_id`, `zone_id`, `sort_order`, `date_add`) VALUES
(3, 2, 'vendor name test', 1, 1, 'test', 'test', 'test descrption', '0123456789', '', 'test@email.com', 'test paypal@paypal.com', 'test iban ', 'test bank name', 'test bank address', 'test swift', '', 0, 0, 0, 'test store url', '', 'test fist name', 'test last name', 'test addres 1', 'test addres 2', 'test city', '00000000', 99, 1483, 0, '0000-00-00 00:00:00');

-- --------------------------------------------------------

--
-- Структура таблицы `vendor_discount`
--

CREATE TABLE IF NOT EXISTS `vendor_discount` (
  `vendor_discount_id` int(11) NOT NULL AUTO_INCREMENT,
  `coupon_id` int(11) NOT NULL,
  `product_id` int(11) NOT NULL,
  `order_id` int(11) NOT NULL,
  `title` varchar(128) CHARACTER SET utf8 COLLATE utf8_bin NOT NULL,
  `amount` decimal(15,4) NOT NULL DEFAULT '0.0000',
  `tax` decimal(15,4) NOT NULL DEFAULT '0.0000',
  `coupon_paid_status` tinyint(5) NOT NULL,
  `vendor_id` int(11) NOT NULL,
  PRIMARY KEY (`vendor_discount_id`)
) ENGINE=MyISAM DEFAULT CHARSET=utf8 AUTO_INCREMENT=1 ;

-- --------------------------------------------------------

--
-- Структура таблицы `vendor_payment`
--

CREATE TABLE IF NOT EXISTS `vendor_payment` (
  `payment_id` int(11) NOT NULL AUTO_INCREMENT,
  `vendor_id` int(11) NOT NULL,
  `payment_info` longtext CHARACTER SET utf8 COLLATE utf8_bin NOT NULL,
  `payment_type` varchar(255) CHARACTER SET utf8 COLLATE utf8_bin NOT NULL,
  `payment_status` tinyint(5) NOT NULL,
  `payment_amount` decimal(15,4) NOT NULL DEFAULT '0.0000',
  `payment_date` datetime NOT NULL,
  PRIMARY KEY (`payment_id`)
) ENGINE=MyISAM DEFAULT CHARSET=utf8 AUTO_INCREMENT=1 ;

-- --------------------------------------------------------

--
-- Структура таблицы `voucher`
--

CREATE TABLE IF NOT EXISTS `voucher` (
  `voucher_id` int(11) NOT NULL AUTO_INCREMENT,
  `order_id` int(11) NOT NULL,
  `code` varchar(10) NOT NULL,
  `from_name` varchar(64) NOT NULL,
  `from_email` varchar(96) NOT NULL,
  `to_name` varchar(64) NOT NULL,
  `to_email` varchar(96) NOT NULL,
  `voucher_theme_id` int(11) NOT NULL,
  `message` text NOT NULL,
  `amount` decimal(15,4) NOT NULL,
  `status` tinyint(1) NOT NULL,
  `date_added` datetime NOT NULL,
  PRIMARY KEY (`voucher_id`)
) ENGINE=MyISAM DEFAULT CHARSET=utf8 AUTO_INCREMENT=1 ;

-- --------------------------------------------------------

--
-- Структура таблицы `voucher_history`
--

CREATE TABLE IF NOT EXISTS `voucher_history` (
  `voucher_history_id` int(11) NOT NULL AUTO_INCREMENT,
  `voucher_id` int(11) NOT NULL,
  `order_id` int(11) NOT NULL,
  `amount` decimal(15,4) NOT NULL,
  `date_added` datetime NOT NULL,
  PRIMARY KEY (`voucher_history_id`)
) ENGINE=MyISAM DEFAULT CHARSET=utf8 AUTO_INCREMENT=1 ;

-- --------------------------------------------------------

--
-- Структура таблицы `voucher_theme`
--

CREATE TABLE IF NOT EXISTS `voucher_theme` (
  `voucher_theme_id` int(11) NOT NULL AUTO_INCREMENT,
  `image` varchar(255) NOT NULL,
  PRIMARY KEY (`voucher_theme_id`)
) ENGINE=MyISAM  DEFAULT CHARSET=utf8 AUTO_INCREMENT=9 ;

--
-- Дамп данных таблицы `voucher_theme`
--

INSERT INTO `voucher_theme` (`voucher_theme_id`, `image`) VALUES
(8, 'catalog/demo/canon_eos_5d_2.jpg'),
(7, 'catalog/demo/gift-voucher-birthday.jpg'),
(6, 'catalog/demo/apple_logo.jpg');

-- --------------------------------------------------------

--
-- Структура таблицы `voucher_theme_description`
--

CREATE TABLE IF NOT EXISTS `voucher_theme_description` (
  `voucher_theme_id` int(11) NOT NULL,
  `language_id` int(11) NOT NULL,
  `name` varchar(32) NOT NULL,
  PRIMARY KEY (`voucher_theme_id`,`language_id`)
) ENGINE=MyISAM DEFAULT CHARSET=utf8;

--
-- Дамп данных таблицы `voucher_theme_description`
--

INSERT INTO `voucher_theme_description` (`voucher_theme_id`, `language_id`, `name`) VALUES
(6, 1, 'Christmas'),
(7, 1, 'Birthday'),
(8, 1, 'General');

-- --------------------------------------------------------

--
-- Структура таблицы `weight_class`
--

CREATE TABLE IF NOT EXISTS `weight_class` (
  `weight_class_id` int(11) NOT NULL AUTO_INCREMENT,
  `value` decimal(15,8) NOT NULL DEFAULT '0.00000000',
  PRIMARY KEY (`weight_class_id`)
) ENGINE=MyISAM  DEFAULT CHARSET=utf8 AUTO_INCREMENT=8 ;

--
-- Дамп данных таблицы `weight_class`
--

INSERT INTO `weight_class` (`weight_class_id`, `value`) VALUES
(1, '1.00000000'),
(2, '1000.00000000'),
(5, '2.20460000'),
(6, '35.27400000'),
(7, '0.00010000');

-- --------------------------------------------------------

--
-- Структура таблицы `weight_class_description`
--

CREATE TABLE IF NOT EXISTS `weight_class_description` (
  `weight_class_id` int(11) NOT NULL,
  `language_id` int(11) NOT NULL,
  `title` varchar(32) NOT NULL,
  `unit` varchar(4) NOT NULL,
  PRIMARY KEY (`weight_class_id`,`language_id`)
) ENGINE=MyISAM DEFAULT CHARSET=utf8;

--
-- Дамп данных таблицы `weight_class_description`
--

INSERT INTO `weight_class_description` (`weight_class_id`, `language_id`, `title`, `unit`) VALUES
(1, 1, 'Kilogram', 'kg'),
(2, 1, 'Gram', 'g'),
(5, 1, 'Pound ', 'lb'),
(6, 1, 'Ounce', 'oz'),
(7, 1, 'Metric Ton', 'MT');

-- --------------------------------------------------------

--
-- Структура таблицы `zone`
--

CREATE TABLE IF NOT EXISTS `zone` (
  `zone_id` int(11) NOT NULL AUTO_INCREMENT,
  `country_id` int(11) NOT NULL,
  `name` varchar(128) NOT NULL,
  `code` varchar(32) NOT NULL,
  `status` tinyint(1) NOT NULL DEFAULT '1',
  PRIMARY KEY (`zone_id`)
) ENGINE=MyISAM  DEFAULT CHARSET=utf8 AUTO_INCREMENT=4234 ;

--
-- Дамп данных таблицы `zone`
--

INSERT INTO `zone` (`zone_id`, `country_id`, `name`, `code`, `status`) VALUES
(1483, 99, 'Delhi', 'DE', 1),
(1773, 113, 'Ch''ungch''ong-bukto', 'CO', 1),
(1774, 113, 'Ch''ungch''ong-namdo', 'CH', 1),
(1775, 113, 'Cheju-do', 'CD', 1),
(1776, 113, 'Cholla-bukto', 'CB', 1),
(1777, 113, 'Cholla-namdo', 'CN', 1),
(1778, 113, 'Inch''on-gwangyoksi', 'IG', 1),
(1779, 113, 'Kangwon-do', 'KA', 1),
(1780, 113, 'Kwangju-gwangyoksi', 'KG', 1),
(1781, 113, 'Kyonggi-do', 'KD', 1),
(1782, 113, 'Kyongsang-bukto', 'KB', 1),
(1783, 113, 'Kyongsang-namdo', 'KN', 1),
(1784, 113, 'Pusan-gwangyoksi', 'PG', 1),
(1785, 113, 'Soul-t''ukpyolsi', 'SO', 1),
(1786, 113, 'Taegu-gwangyoksi', 'TA', 1),
(1787, 113, 'Taejon-gwangyoksi', 'TG', 1),
(4233, 259, 'Imphal', 'IMP', 1),
(4232, 258, 'New Delhi', 'NDL', 1),
(2588, 168, 'Kalinga', 'KAL', 1),
(2589, 168, 'Laguna', 'LAG', 1),
(2590, 168, 'Lanao del Norte', 'LNO', 1),
(2591, 168, 'Lanao del Sur', 'LSU', 1),
(2592, 168, 'La Union', 'UNI', 1),
(2593, 168, 'Leyte', 'LEY', 1),
(2594, 168, 'Maguindanao', 'MAG', 1),
(2595, 168, 'Marinduque', 'MRN', 1),
(2596, 168, 'Masbate', 'MSB', 1),
(2597, 168, 'Mindoro Occidental', 'MIC', 1),
(2598, 168, 'Mindoro Oriental', 'MIR', 1),
(2599, 168, 'Misamis Occidental', 'MSC', 1),
(2600, 168, 'Misamis Oriental', 'MOR', 1),
(2601, 168, 'Mountain', 'MOP', 1),
(2602, 168, 'Negros Occidental', 'NOC', 1),
(2603, 168, 'Negros Oriental', 'NOR', 1),
(2604, 168, 'North Cotabato', 'NCT', 1),
(2605, 168, 'Northern Samar', 'NSM', 1),
(2606, 168, 'Nueva Ecija', 'NEC', 1),
(2607, 168, 'Nueva Vizcaya', 'NVZ', 1),
(2608, 168, 'Palawan', 'PLW', 1),
(2609, 168, 'Pampanga', 'PMP', 1),
(2610, 168, 'Pangasinan', 'PNG', 1),
(2611, 168, 'Quezon', 'QZN', 1),
(2612, 168, 'Quirino', 'QRN', 1),
(2613, 168, 'Rizal', 'RIZ', 1),
(2614, 168, 'Romblon', 'ROM', 1),
(2615, 168, 'Samar', 'SMR', 1),
(2616, 168, 'Sarangani', 'SRG', 1),
(2617, 168, 'Siquijor', 'SQJ', 1),
(2618, 168, 'Sorsogon', 'SRS', 1),
(2619, 168, 'South Cotabato', 'SCO', 1),
(2620, 168, 'Southern Leyte', 'SLE', 1),
(2621, 168, 'Sultan Kudarat', 'SKU', 1),
(2622, 168, 'Sulu', 'SLU', 1),
(2623, 168, 'Surigao del Norte', 'SNO', 1),
(2624, 168, 'Surigao del Sur', 'SSU', 1),
(2625, 168, 'Tarlac', 'TAR', 1),
(2626, 168, 'Tawi-Tawi', 'TAW', 1),
(2627, 168, 'Zambales', 'ZBL', 1),
(2628, 168, 'Zamboanga del Norte', 'ZNO', 1),
(2629, 168, 'Zamboanga del Sur', 'ZSU', 1),
(2630, 168, 'Zamboanga Sibugay', 'ZSI', 1),
(2631, 170, 'Dolnoslaskie', 'DO', 1),
(2632, 170, 'Kujawsko-Pomorskie', 'KP', 1),
(2633, 170, 'Lodzkie', 'LO', 1),
(2634, 170, 'Lubelskie', 'LL', 1),
(2635, 170, 'Lubuskie', 'LU', 1),
(2636, 170, 'Malopolskie', 'ML', 1),
(2637, 170, 'Mazowieckie', 'MZ', 1),
(2638, 170, 'Opolskie', 'OP', 1),
(2639, 170, 'Podkarpackie', 'PP', 1),
(2640, 170, 'Podlaskie', 'PL', 1),
(2641, 170, 'Pomorskie', 'PM', 1),
(2642, 170, 'Slaskie', 'SL', 1),
(2643, 170, 'Swietokrzyskie', 'SW', 1),
(2644, 170, 'Warminsko-Mazurskie', 'WM', 1),
(2645, 170, 'Wielkopolskie', 'WP', 1),
(2646, 170, 'Zachodniopomorskie', 'ZA', 1),
(2647, 198, 'Saint Pierre', 'P', 1),
(2648, 198, 'Miquelon', 'M', 1),
(2649, 171, 'A&ccedil;ores', 'AC', 1),
(2650, 171, 'Aveiro', 'AV', 1),
(2651, 171, 'Beja', 'BE', 1),
(2652, 171, 'Braga', 'BR', 1),
(2653, 171, 'Bragan&ccedil;a', 'BA', 1),
(2654, 171, 'Castelo Branco', 'CB', 1),
(2655, 171, 'Coimbra', 'CO', 1),
(2656, 171, '&Eacute;vora', 'EV', 1),
(2657, 171, 'Faro', 'FA', 1),
(2658, 171, 'Guarda', 'GU', 1),
(2659, 171, 'Leiria', 'LE', 1),
(2660, 171, 'Lisboa', 'LI', 1),
(2661, 171, 'Madeira', 'ME', 1),
(2662, 171, 'Portalegre', 'PO', 1),
(2663, 171, 'Porto', 'PR', 1),
(2664, 171, 'Santar&eacute;m', 'SA', 1),
(2665, 171, 'Set&uacute;bal', 'SE', 1),
(2666, 171, 'Viana do Castelo', 'VC', 1),
(2667, 171, 'Vila Real', 'VR', 1),
(2668, 171, 'Viseu', 'VI', 1),
(2669, 173, 'Ad Dawhah', 'DW', 1),
(2670, 173, 'Al Ghuwayriyah', 'GW', 1),
(2671, 173, 'Al Jumayliyah', 'JM', 1),
(2672, 173, 'Al Khawr', 'KR', 1),
(2673, 173, 'Al Wakrah', 'WK', 1),
(2674, 173, 'Ar Rayyan', 'RN', 1),
(2675, 173, 'Jarayan al Batinah', 'JB', 1),
(2676, 173, 'Madinat ash Shamal', 'MS', 1),
(2677, 173, 'Umm Sa''id', 'UD', 1),
(2678, 173, 'Umm Salal', 'UL', 1),
(2679, 175, 'Alba', 'AB', 1),
(2680, 175, 'Arad', 'AR', 1),
(2681, 175, 'Arges', 'AG', 1),
(2682, 175, 'Bacau', 'BC', 1),
(2683, 175, 'Bihor', 'BH', 1),
(2684, 175, 'Bistrita-Nasaud', 'BN', 1),
(2685, 175, 'Botosani', 'BT', 1),
(2686, 175, 'Brasov', 'BV', 1),
(2687, 175, 'Braila', 'BR', 1),
(2688, 175, 'Bucuresti', 'B', 1),
(2689, 175, 'Buzau', 'BZ', 1),
(2690, 175, 'Caras-Severin', 'CS', 1),
(2691, 175, 'Calarasi', 'CL', 1),
(2692, 175, 'Cluj', 'CJ', 1),
(2693, 175, 'Constanta', 'CT', 1),
(2694, 175, 'Covasna', 'CV', 1),
(2695, 175, 'Dimbovita', 'DB', 1),
(2696, 175, 'Dolj', 'DJ', 1),
(2697, 175, 'Galati', 'GL', 1),
(2698, 175, 'Giurgiu', 'GR', 1),
(2699, 175, 'Gorj', 'GJ', 1),
(2700, 175, 'Harghita', 'HR', 1),
(2701, 175, 'Hunedoara', 'HD', 1),
(2702, 175, 'Ialomita', 'IL', 1),
(2703, 175, 'Iasi', 'IS', 1),
(2704, 175, 'Ilfov', 'IF', 1),
(2705, 175, 'Maramures', 'MM', 1),
(2706, 175, 'Mehedinti', 'MH', 1),
(2707, 175, 'Mures', 'MS', 1),
(2708, 175, 'Neamt', 'NT', 1),
(2709, 175, 'Olt', 'OT', 1),
(2710, 175, 'Prahova', 'PH', 1),
(2711, 175, 'Satu-Mare', 'SM', 1),
(2712, 175, 'Salaj', 'SJ', 1),
(2713, 175, 'Sibiu', 'SB', 1),
(2714, 175, 'Suceava', 'SV', 1),
(2715, 175, 'Teleorman', 'TR', 1),
(2716, 175, 'Timis', 'TM', 1),
(2717, 175, 'Tulcea', 'TL', 1),
(2718, 175, 'Vaslui', 'VS', 1),
(2719, 175, 'Valcea', 'VL', 1),
(2720, 175, 'Vrancea', 'VN', 1),
(2721, 176, 'Abakan', 'AB', 1),
(2722, 176, 'Aginskoye', 'AG', 1),
(2723, 176, 'Anadyr', 'AN', 1),
(2724, 176, 'Arkahangelsk', 'AR', 1),
(2725, 176, 'Astrakhan', 'AS', 1),
(2726, 176, 'Barnaul', 'BA', 1),
(2727, 176, 'Belgorod', 'BE', 1),
(2728, 176, 'Birobidzhan', 'BI', 1),
(2729, 176, 'Blagoveshchensk', 'BL', 1),
(2730, 176, 'Bryansk', 'BR', 1),
(2731, 176, 'Cheboksary', 'CH', 1),
(2732, 176, 'Chelyabinsk', 'CL', 1),
(2733, 176, 'Cherkessk', 'CR', 1),
(2734, 176, 'Chita', 'CI', 1),
(2735, 176, 'Dudinka', 'DU', 1),
(2736, 176, 'Elista', 'EL', 1),
(2738, 176, 'Gorno-Altaysk', 'GA', 1),
(2739, 176, 'Groznyy', 'GR', 1),
(2740, 176, 'Irkutsk', 'IR', 1),
(2741, 176, 'Ivanovo', 'IV', 1),
(2742, 176, 'Izhevsk', 'IZ', 1),
(2743, 176, 'Kalinigrad', 'KA', 1),
(2744, 176, 'Kaluga', 'KL', 1),
(2745, 176, 'Kasnodar', 'KS', 1),
(2746, 176, 'Kazan', 'KZ', 1),
(2747, 176, 'Kemerovo', 'KE', 1),
(2748, 176, 'Khabarovsk', 'KH', 1),
(2749, 176, 'Khanty-Mansiysk', 'KM', 1),
(2750, 176, 'Kostroma', 'KO', 1),
(2751, 176, 'Krasnodar', 'KR', 1),
(2752, 176, 'Krasnoyarsk', 'KN', 1),
(2753, 176, 'Kudymkar', 'KU', 1),
(2754, 176, 'Kurgan', 'KG', 1),
(2755, 176, 'Kursk', 'KK', 1),
(2756, 176, 'Kyzyl', 'KY', 1),
(2757, 176, 'Lipetsk', 'LI', 1),
(2758, 176, 'Magadan', 'MA', 1),
(2759, 176, 'Makhachkala', 'MK', 1),
(2760, 176, 'Maykop', 'MY', 1),
(2761, 176, 'Moscow', 'MO', 1),
(2762, 176, 'Murmansk', 'MU', 1),
(2763, 176, 'Nalchik', 'NA', 1),
(2764, 176, 'Naryan Mar', 'NR', 1),
(2765, 176, 'Nazran', 'NZ', 1),
(2766, 176, 'Nizhniy Novgorod', 'NI', 1),
(2767, 176, 'Novgorod', 'NO', 1),
(2768, 176, 'Novosibirsk', 'NV', 1),
(2769, 176, 'Omsk', 'OM', 1),
(2770, 176, 'Orel', 'OR', 1),
(2771, 176, 'Orenburg', 'OE', 1),
(2772, 176, 'Palana', 'PA', 1),
(2773, 176, 'Penza', 'PE', 1),
(2774, 176, 'Perm', 'PR', 1),
(2775, 176, 'Petropavlovsk-Kamchatskiy', 'PK', 1),
(2776, 176, 'Petrozavodsk', 'PT', 1),
(2777, 176, 'Pskov', 'PS', 1),
(2778, 176, 'Rostov-na-Donu', 'RO', 1),
(2779, 176, 'Ryazan', 'RY', 1),
(2780, 176, 'Salekhard', 'SL', 1),
(2781, 176, 'Samara', 'SA', 1),
(2782, 176, 'Saransk', 'SR', 1),
(2783, 176, 'Saratov', 'SV', 1),
(2784, 176, 'Smolensk', 'SM', 1),
(2785, 176, 'St. Petersburg', 'SP', 1),
(2786, 176, 'Stavropol', 'ST', 1),
(2787, 176, 'Syktyvkar', 'SY', 1),
(2788, 176, 'Tambov', 'TA', 1),
(2789, 176, 'Tomsk', 'TO', 1),
(2790, 176, 'Tula', 'TU', 1),
(2791, 176, 'Tura', 'TR', 1),
(2792, 176, 'Tver', 'TV', 1),
(2793, 176, 'Tyumen', 'TY', 1),
(2794, 176, 'Ufa', 'UF', 1),
(2795, 176, 'Ul''yanovsk', 'UL', 1),
(2796, 176, 'Ulan-Ude', 'UU', 1),
(2797, 176, 'Ust''-Ordynskiy', 'US', 1),
(2798, 176, 'Vladikavkaz', 'VL', 1),
(2799, 176, 'Vladimir', 'VA', 1),
(2800, 176, 'Vladivostok', 'VV', 1),
(2801, 176, 'Volgograd', 'VG', 1),
(2802, 176, 'Vologda', 'VD', 1),
(2803, 176, 'Voronezh', 'VO', 1),
(2804, 176, 'Vyatka', 'VY', 1),
(2805, 176, 'Yakutsk', 'YA', 1),
(2806, 176, 'Yaroslavl', 'YR', 1),
(2807, 176, 'Yekaterinburg', 'YE', 1),
(2808, 176, 'Yoshkar-Ola', 'YO', 1),
(2809, 177, 'Butare', 'BU', 1),
(2810, 177, 'Byumba', 'BY', 1),
(2811, 177, 'Cyangugu', 'CY', 1),
(2812, 177, 'Gikongoro', 'GK', 1),
(2813, 177, 'Gisenyi', 'GS', 1),
(2814, 177, 'Gitarama', 'GT', 1),
(2815, 177, 'Kibungo', 'KG', 1),
(2816, 177, 'Kibuye', 'KY', 1),
(2817, 177, 'Kigali Rurale', 'KR', 1),
(2818, 177, 'Kigali-ville', 'KV', 1),
(2819, 177, 'Ruhengeri', 'RU', 1),
(2820, 177, 'Umutara', 'UM', 1),
(2821, 178, 'Christ Church Nichola Town', 'CCN', 1),
(2822, 178, 'Saint Anne Sandy Point', 'SAS', 1),
(2823, 178, 'Saint George Basseterre', 'SGB', 1),
(2824, 178, 'Saint George Gingerland', 'SGG', 1),
(2825, 178, 'Saint James Windward', 'SJW', 1),
(2826, 178, 'Saint John Capesterre', 'SJC', 1),
(2827, 178, 'Saint John Figtree', 'SJF', 1),
(2828, 178, 'Saint Mary Cayon', 'SMC', 1),
(2829, 178, 'Saint Paul Capesterre', 'CAP', 1),
(2830, 178, 'Saint Paul Charlestown', 'CHA', 1),
(2831, 178, 'Saint Peter Basseterre', 'SPB', 1),
(2832, 178, 'Saint Thomas Lowland', 'STL', 1),
(2833, 178, 'Saint Thomas Middle Island', 'STM', 1),
(2834, 178, 'Trinity Palmetto Point', 'TPP', 1),
(2835, 179, 'Anse-la-Raye', 'AR', 1),
(2836, 179, 'Castries', 'CA', 1),
(2837, 179, 'Choiseul', 'CH', 1),
(2838, 179, 'Dauphin', 'DA', 1),
(2839, 179, 'Dennery', 'DE', 1),
(2840, 179, 'Gros-Islet', 'GI', 1),
(2841, 179, 'Laborie', 'LA', 1),
(2842, 179, 'Micoud', 'MI', 1),
(2843, 179, 'Praslin', 'PR', 1),
(2844, 179, 'Soufriere', 'SO', 1),
(2845, 179, 'Vieux-Fort', 'VF', 1),
(2846, 180, 'Charlotte', 'C', 1),
(2847, 180, 'Grenadines', 'R', 1),
(2848, 180, 'Saint Andrew', 'A', 1),
(2849, 180, 'Saint David', 'D', 1),
(2850, 180, 'Saint George', 'G', 1),
(2851, 180, 'Saint Patrick', 'P', 1),
(2852, 181, 'A''ana', 'AN', 1),
(2853, 181, 'Aiga-i-le-Tai', 'AI', 1),
(2854, 181, 'Atua', 'AT', 1),
(2855, 181, 'Fa''asaleleaga', 'FA', 1),
(2856, 181, 'Gaga''emauga', 'GE', 1),
(2857, 181, 'Gagaifomauga', 'GF', 1),
(2858, 181, 'Palauli', 'PA', 1),
(2859, 181, 'Satupa''itea', 'SA', 1),
(2860, 181, 'Tuamasaga', 'TU', 1),
(2861, 181, 'Va''a-o-Fonoti', 'VF', 1),
(2862, 181, 'Vaisigano', 'VS', 1),
(2863, 182, 'Acquaviva', 'AC', 1),
(2864, 182, 'Borgo Maggiore', 'BM', 1),
(2865, 182, 'Chiesanuova', 'CH', 1),
(2866, 182, 'Domagnano', 'DO', 1),
(2867, 182, 'Faetano', 'FA', 1),
(2868, 182, 'Fiorentino', 'FI', 1),
(2869, 182, 'Montegiardino', 'MO', 1),
(2870, 182, 'Citta di San Marino', 'SM', 1),
(2871, 182, 'Serravalle', 'SE', 1),
(2872, 183, 'Sao Tome', 'S', 1),
(2873, 183, 'Principe', 'P', 1),
(2874, 184, 'Al Bahah', 'BH', 1),
(2875, 184, 'Al Hudud ash Shamaliyah', 'HS', 1),
(2876, 184, 'Al Jawf', 'JF', 1),
(2877, 184, 'Al Madinah', 'MD', 1),
(2878, 184, 'Al Qasim', 'QS', 1),
(2879, 184, 'Ar Riyad', 'RD', 1),
(2880, 184, 'Ash Sharqiyah (Eastern)', 'AQ', 1),
(2881, 184, '''Asir', 'AS', 1),
(2882, 184, 'Ha''il', 'HL', 1),
(2883, 184, 'Jizan', 'JZ', 1),
(2884, 184, 'Makkah', 'ML', 1),
(2885, 184, 'Najran', 'NR', 1),
(2886, 184, 'Tabuk', 'TB', 1),
(2887, 185, 'Dakar', 'DA', 1),
(2888, 185, 'Diourbel', 'DI', 1),
(2889, 185, 'Fatick', 'FA', 1),
(2890, 185, 'Kaolack', 'KA', 1),
(2891, 185, 'Kolda', 'KO', 1),
(2892, 185, 'Louga', 'LO', 1),
(2893, 185, 'Matam', 'MA', 1),
(2894, 185, 'Saint-Louis', 'SL', 1),
(2895, 185, 'Tambacounda', 'TA', 1),
(2896, 185, 'Thies', 'TH', 1),
(2897, 185, 'Ziguinchor', 'ZI', 1),
(2898, 186, 'Anse aux Pins', 'AP', 1),
(2899, 186, 'Anse Boileau', 'AB', 1),
(2900, 186, 'Anse Etoile', 'AE', 1),
(2901, 186, 'Anse Louis', 'AL', 1),
(2902, 186, 'Anse Royale', 'AR', 1),
(2903, 186, 'Baie Lazare', 'BL', 1),
(2904, 186, 'Baie Sainte Anne', 'BS', 1),
(2905, 186, 'Beau Vallon', 'BV', 1),
(2906, 186, 'Bel Air', 'BA', 1),
(2907, 186, 'Bel Ombre', 'BO', 1),
(2908, 186, 'Cascade', 'CA', 1),
(2909, 186, 'Glacis', 'GL', 1),
(2910, 186, 'Grand'' Anse (on Mahe)', 'GM', 1),
(2911, 186, 'Grand'' Anse (on Praslin)', 'GP', 1),
(2912, 186, 'La Digue', 'DG', 1),
(2913, 186, 'La Riviere Anglaise', 'RA', 1),
(2914, 186, 'Mont Buxton', 'MB', 1),
(2915, 186, 'Mont Fleuri', 'MF', 1),
(2916, 186, 'Plaisance', 'PL', 1),
(2917, 186, 'Pointe La Rue', 'PR', 1),
(2918, 186, 'Port Glaud', 'PG', 1),
(2919, 186, 'Saint Louis', 'SL', 1),
(2920, 186, 'Takamaka', 'TA', 1),
(2921, 187, 'Eastern', 'E', 1),
(2922, 187, 'Northern', 'N', 1),
(2923, 187, 'Southern', 'S', 1),
(2924, 187, 'Western', 'W', 1),
(2925, 189, 'Banskobystrický', 'BA', 1),
(2926, 189, 'Bratislavský', 'BR', 1),
(2927, 189, 'Košický', 'KO', 1),
(2928, 189, 'Nitriansky', 'NI', 1),
(2929, 189, 'Prešovský', 'PR', 1),
(2930, 189, 'Trenčiansky', 'TC', 1),
(2931, 189, 'Trnavský', 'TV', 1),
(2932, 189, 'Žilinský', 'ZI', 1),
(2933, 191, 'Central', 'CE', 1),
(2934, 191, 'Choiseul', 'CH', 1),
(2935, 191, 'Guadalcanal', 'GC', 1),
(2936, 191, 'Honiara', 'HO', 1),
(2937, 191, 'Isabel', 'IS', 1),
(2938, 191, 'Makira', 'MK', 1),
(2939, 191, 'Malaita', 'ML', 1),
(2940, 191, 'Rennell and Bellona', 'RB', 1),
(2941, 191, 'Temotu', 'TM', 1),
(2942, 191, 'Western', 'WE', 1),
(2943, 192, 'Awdal', 'AW', 1),
(2944, 192, 'Bakool', 'BK', 1),
(2945, 192, 'Banaadir', 'BN', 1),
(2946, 192, 'Bari', 'BR', 1),
(2947, 192, 'Bay', 'BY', 1),
(2948, 192, 'Galguduud', 'GA', 1),
(2949, 192, 'Gedo', 'GE', 1),
(2950, 192, 'Hiiraan', 'HI', 1),
(2951, 192, 'Jubbada Dhexe', 'JD', 1),
(2952, 192, 'Jubbada Hoose', 'JH', 1),
(2953, 192, 'Mudug', 'MU', 1),
(2954, 192, 'Nugaal', 'NU', 1),
(2955, 192, 'Sanaag', 'SA', 1),
(2956, 192, 'Shabeellaha Dhexe', 'SD', 1),
(2957, 192, 'Shabeellaha Hoose', 'SH', 1),
(2958, 192, 'Sool', 'SL', 1),
(2959, 192, 'Togdheer', 'TO', 1),
(2960, 192, 'Woqooyi Galbeed', 'WG', 1),
(2961, 193, 'Eastern Cape', 'EC', 1),
(2962, 193, 'Free State', 'FS', 1),
(2963, 193, 'Gauteng', 'GT', 1),
(2964, 193, 'KwaZulu-Natal', 'KN', 1),
(2965, 193, 'Limpopo', 'LP', 1),
(2966, 193, 'Mpumalanga', 'MP', 1),
(2967, 193, 'North West', 'NW', 1),
(2968, 193, 'Northern Cape', 'NC', 1),
(2969, 193, 'Western Cape', 'WC', 1),
(2970, 195, 'La Coru&ntilde;a', 'CA', 1),
(2971, 195, '&Aacute;lava', 'AL', 1),
(2972, 195, 'Albacete', 'AB', 1),
(2973, 195, 'Alicante', 'AC', 1),
(2974, 195, 'Almeria', 'AM', 1),
(2975, 195, 'Asturias', 'AS', 1),
(2976, 195, '&Aacute;vila', 'AV', 1),
(2977, 195, 'Badajoz', 'BJ', 1),
(2978, 195, 'Baleares', 'IB', 1),
(2979, 195, 'Barcelona', 'BA', 1),
(2980, 195, 'Burgos', 'BU', 1),
(2981, 195, 'C&aacute;ceres', 'CC', 1),
(2982, 195, 'C&aacute;diz', 'CZ', 1),
(2983, 195, 'Cantabria', 'CT', 1),
(2984, 195, 'Castell&oacute;n', 'CL', 1),
(2985, 195, 'Ceuta', 'CE', 1),
(2986, 195, 'Ciudad Real', 'CR', 1),
(2987, 195, 'C&oacute;rdoba', 'CD', 1),
(2988, 195, 'Cuenca', 'CU', 1),
(2989, 195, 'Girona', 'GI', 1),
(2990, 195, 'Granada', 'GD', 1),
(2991, 195, 'Guadalajara', 'GJ', 1),
(2992, 195, 'Guip&uacute;zcoa', 'GP', 1),
(2993, 195, 'Huelva', 'HL', 1),
(2994, 195, 'Huesca', 'HS', 1),
(2995, 195, 'Ja&eacute;n', 'JN', 1),
(2996, 195, 'La Rioja', 'RJ', 1),
(2997, 195, 'Las Palmas', 'PM', 1),
(2998, 195, 'Leon', 'LE', 1),
(2999, 195, 'Lleida', 'LL', 1),
(3000, 195, 'Lugo', 'LG', 1),
(3001, 195, 'Madrid', 'MD', 1),
(3002, 195, 'Malaga', 'MA', 1),
(3003, 195, 'Melilla', 'ML', 1),
(3004, 195, 'Murcia', 'MU', 1),
(3005, 195, 'Navarra', 'NV', 1),
(3006, 195, 'Ourense', 'OU', 1),
(3007, 195, 'Palencia', 'PL', 1),
(3008, 195, 'Pontevedra', 'PO', 1),
(3009, 195, 'Salamanca', 'SL', 1),
(3010, 195, 'Santa Cruz de Tenerife', 'SC', 1),
(3011, 195, 'Segovia', 'SG', 1),
(3012, 195, 'Sevilla', 'SV', 1),
(3013, 195, 'Soria', 'SO', 1),
(3014, 195, 'Tarragona', 'TA', 1),
(3015, 195, 'Teruel', 'TE', 1),
(3016, 195, 'Toledo', 'TO', 1),
(3017, 195, 'Valencia', 'VC', 1),
(3018, 195, 'Valladolid', 'VD', 1),
(3019, 195, 'Vizcaya', 'VZ', 1),
(3020, 195, 'Zamora', 'ZM', 1),
(3021, 195, 'Zaragoza', 'ZR', 1),
(3022, 196, 'Central', 'CE', 1),
(3023, 196, 'Eastern', 'EA', 1),
(3024, 196, 'North Central', 'NC', 1),
(3025, 196, 'Northern', 'NO', 1),
(3026, 196, 'North Western', 'NW', 1),
(3027, 196, 'Sabaragamuwa', 'SA', 1),
(3028, 196, 'Southern', 'SO', 1),
(3029, 196, 'Uva', 'UV', 1),
(3030, 196, 'Western', 'WE', 1),
(3032, 197, 'Saint Helena', 'S', 1),
(3034, 199, 'A''ali an Nil', 'ANL', 1),
(3035, 199, 'Al Bahr al Ahmar', 'BAM', 1),
(3036, 199, 'Al Buhayrat', 'BRT', 1),
(3037, 199, 'Al Jazirah', 'JZR', 1),
(3038, 199, 'Al Khartum', 'KRT', 1),
(3039, 199, 'Al Qadarif', 'QDR', 1),
(3040, 199, 'Al Wahdah', 'WDH', 1),
(3041, 199, 'An Nil al Abyad', 'ANB', 1),
(3042, 199, 'An Nil al Azraq', 'ANZ', 1),
(3043, 199, 'Ash Shamaliyah', 'ASH', 1),
(3044, 199, 'Bahr al Jabal', 'BJA', 1),
(3045, 199, 'Gharb al Istiwa''iyah', 'GIS', 1),
(3046, 199, 'Gharb Bahr al Ghazal', 'GBG', 1),
(3047, 199, 'Gharb Darfur', 'GDA', 1),
(3048, 199, 'Gharb Kurdufan', 'GKU', 1),
(3049, 199, 'Janub Darfur', 'JDA', 1),
(3050, 199, 'Janub Kurdufan', 'JKU', 1),
(3051, 199, 'Junqali', 'JQL', 1),
(3052, 199, 'Kassala', 'KSL', 1),
(3053, 199, 'Nahr an Nil', 'NNL', 1),
(3054, 199, 'Shamal Bahr al Ghazal', 'SBG', 1),
(3055, 199, 'Shamal Darfur', 'SDA', 1),
(3056, 199, 'Shamal Kurdufan', 'SKU', 1),
(3057, 199, 'Sharq al Istiwa''iyah', 'SIS', 1),
(3058, 199, 'Sinnar', 'SNR', 1),
(3059, 199, 'Warab', 'WRB', 1),
(3060, 200, 'Brokopondo', 'BR', 1),
(3061, 200, 'Commewijne', 'CM', 1),
(3062, 200, 'Coronie', 'CR', 1),
(3063, 200, 'Marowijne', 'MA', 1),
(3064, 200, 'Nickerie', 'NI', 1),
(3065, 200, 'Para', 'PA', 1),
(3066, 200, 'Paramaribo', 'PM', 1),
(3067, 200, 'Saramacca', 'SA', 1),
(3068, 200, 'Sipaliwini', 'SI', 1),
(3069, 200, 'Wanica', 'WA', 1),
(3070, 202, 'Hhohho', 'H', 1),
(3071, 202, 'Lubombo', 'L', 1),
(3072, 202, 'Manzini', 'M', 1),
(3073, 202, 'Shishelweni', 'S', 1),
(3074, 203, 'Blekinge', 'K', 1),
(3075, 203, 'Dalarna', 'W', 1),
(3076, 203, 'Gävleborg', 'X', 1),
(3077, 203, 'Gotland', 'I', 1),
(3078, 203, 'Halland', 'N', 1),
(3079, 203, 'Jämtland', 'Z', 1),
(3080, 203, 'Jönköping', 'F', 1),
(3081, 203, 'Kalmar', 'H', 1),
(3082, 203, 'Kronoberg', 'G', 1),
(3083, 203, 'Norrbotten', 'BD', 1),
(3084, 203, 'Örebro', 'T', 1),
(3085, 203, 'Östergötland', 'E', 1),
(3086, 203, 'Sk&aring;ne', 'M', 1),
(3087, 203, 'Södermanland', 'D', 1),
(3088, 203, 'Stockholm', 'AB', 1),
(3089, 203, 'Uppsala', 'C', 1),
(3090, 203, 'Värmland', 'S', 1),
(3091, 203, 'Västerbotten', 'AC', 1),
(3092, 203, 'Västernorrland', 'Y', 1),
(3093, 203, 'Västmanland', 'U', 1),
(3094, 203, 'Västra Götaland', 'O', 1),
(3095, 204, 'Aargau', 'AG', 1),
(3096, 204, 'Appenzell Ausserrhoden', 'AR', 1),
(3097, 204, 'Appenzell Innerrhoden', 'AI', 1),
(3098, 204, 'Basel-Stadt', 'BS', 1),
(3099, 204, 'Basel-Landschaft', 'BL', 1),
(3100, 204, 'Bern', 'BE', 1),
(3101, 204, 'Fribourg', 'FR', 1),
(3102, 204, 'Gen&egrave;ve', 'GE', 1),
(3103, 204, 'Glarus', 'GL', 1),
(3104, 204, 'Graubünden', 'GR', 1),
(3105, 204, 'Jura', 'JU', 1),
(3106, 204, 'Luzern', 'LU', 1),
(3107, 204, 'Neuch&acirc;tel', 'NE', 1),
(3108, 204, 'Nidwald', 'NW', 1),
(3109, 204, 'Obwald', 'OW', 1),
(3110, 204, 'St. Gallen', 'SG', 1),
(3111, 204, 'Schaffhausen', 'SH', 1),
(3112, 204, 'Schwyz', 'SZ', 1),
(3113, 204, 'Solothurn', 'SO', 1),
(3114, 204, 'Thurgau', 'TG', 1),
(3115, 204, 'Ticino', 'TI', 1),
(3116, 204, 'Uri', 'UR', 1),
(3117, 204, 'Valais', 'VS', 1),
(3118, 204, 'Vaud', 'VD', 1),
(3119, 204, 'Zug', 'ZG', 1),
(3120, 204, 'Zürich', 'ZH', 1),
(3121, 205, 'Al Hasakah', 'HA', 1),
(3122, 205, 'Al Ladhiqiyah', 'LA', 1),
(3123, 205, 'Al Qunaytirah', 'QU', 1),
(3124, 205, 'Ar Raqqah', 'RQ', 1),
(3125, 205, 'As Suwayda', 'SU', 1),
(3126, 205, 'Dara', 'DA', 1),
(3127, 205, 'Dayr az Zawr', 'DZ', 1),
(3128, 205, 'Dimashq', 'DI', 1),
(3129, 205, 'Halab', 'HL', 1),
(3130, 205, 'Hamah', 'HM', 1),
(3131, 205, 'Hims', 'HI', 1),
(3132, 205, 'Idlib', 'ID', 1),
(3133, 205, 'Rif Dimashq', 'RD', 1),
(3134, 205, 'Tartus', 'TA', 1),
(3135, 206, 'Chang-hua', 'CH', 1),
(3136, 206, 'Chia-i', 'CI', 1),
(3137, 206, 'Hsin-chu', 'HS', 1),
(3138, 206, 'Hua-lien', 'HL', 1),
(3139, 206, 'I-lan', 'IL', 1),
(3140, 206, 'Kao-hsiung county', 'KH', 1),
(3141, 206, 'Kin-men', 'KM', 1),
(3142, 206, 'Lien-chiang', 'LC', 1),
(3143, 206, 'Miao-li', 'ML', 1),
(3144, 206, 'Nan-t''ou', 'NT', 1),
(3145, 206, 'P''eng-hu', 'PH', 1),
(3146, 206, 'P''ing-tung', 'PT', 1),
(3147, 206, 'T''ai-chung', 'TG', 1),
(3148, 206, 'T''ai-nan', 'TA', 1),
(3149, 206, 'T''ai-pei county', 'TP', 1),
(3150, 206, 'T''ai-tung', 'TT', 1),
(3151, 206, 'T''ao-yuan', 'TY', 1),
(3152, 206, 'Yun-lin', 'YL', 1),
(3153, 206, 'Chia-i city', 'CC', 1),
(3154, 206, 'Chi-lung', 'CL', 1),
(3155, 206, 'Hsin-chu', 'HC', 1),
(3156, 206, 'T''ai-chung', 'TH', 1),
(3157, 206, 'T''ai-nan', 'TN', 1),
(3158, 206, 'Kao-hsiung city', 'KC', 1),
(3159, 206, 'T''ai-pei city', 'TC', 1),
(3160, 207, 'Gorno-Badakhstan', 'GB', 1),
(3161, 207, 'Khatlon', 'KT', 1),
(3162, 207, 'Sughd', 'SU', 1),
(3163, 208, 'Arusha', 'AR', 1),
(3164, 208, 'Dar es Salaam', 'DS', 1),
(3165, 208, 'Dodoma', 'DO', 1),
(3166, 208, 'Iringa', 'IR', 1),
(3167, 208, 'Kagera', 'KA', 1),
(3168, 208, 'Kigoma', 'KI', 1),
(3169, 208, 'Kilimanjaro', 'KJ', 1),
(3170, 208, 'Lindi', 'LN', 1),
(3171, 208, 'Manyara', 'MY', 1),
(3172, 208, 'Mara', 'MR', 1),
(3173, 208, 'Mbeya', 'MB', 1),
(3174, 208, 'Morogoro', 'MO', 1),
(3175, 208, 'Mtwara', 'MT', 1),
(3176, 208, 'Mwanza', 'MW', 1),
(3177, 208, 'Pemba North', 'PN', 1),
(3178, 208, 'Pemba South', 'PS', 1),
(3179, 208, 'Pwani', 'PW', 1),
(3180, 208, 'Rukwa', 'RK', 1),
(3181, 208, 'Ruvuma', 'RV', 1),
(3182, 208, 'Shinyanga', 'SH', 1),
(3183, 208, 'Singida', 'SI', 1),
(3184, 208, 'Tabora', 'TB', 1),
(3185, 208, 'Tanga', 'TN', 1),
(3186, 208, 'Zanzibar Central/South', 'ZC', 1),
(3187, 208, 'Zanzibar North', 'ZN', 1),
(3188, 208, 'Zanzibar Urban/West', 'ZU', 1),
(3189, 209, 'Amnat Charoen', 'Amnat Charoen', 1),
(3190, 209, 'Ang Thong', 'Ang Thong', 1),
(3191, 209, 'Ayutthaya', 'Ayutthaya', 1),
(3192, 209, 'Bangkok', 'Bangkok', 1),
(3193, 209, 'Buriram', 'Buriram', 1),
(3194, 209, 'Chachoengsao', 'Chachoengsao', 1),
(3195, 209, 'Chai Nat', 'Chai Nat', 1),
(3196, 209, 'Chaiyaphum', 'Chaiyaphum', 1),
(3197, 209, 'Chanthaburi', 'Chanthaburi', 1),
(3198, 209, 'Chiang Mai', 'Chiang Mai', 1),
(3199, 209, 'Chiang Rai', 'Chiang Rai', 1),
(3200, 209, 'Chon Buri', 'Chon Buri', 1),
(3201, 209, 'Chumphon', 'Chumphon', 1),
(3202, 209, 'Kalasin', 'Kalasin', 1),
(3203, 209, 'Kamphaeng Phet', 'Kamphaeng Phet', 1),
(3204, 209, 'Kanchanaburi', 'Kanchanaburi', 1),
(3205, 209, 'Khon Kaen', 'Khon Kaen', 1),
(3206, 209, 'Krabi', 'Krabi', 1),
(3207, 209, 'Lampang', 'Lampang', 1),
(3208, 209, 'Lamphun', 'Lamphun', 1),
(3209, 209, 'Loei', 'Loei', 1),
(3210, 209, 'Lop Buri', 'Lop Buri', 1),
(3211, 209, 'Mae Hong Son', 'Mae Hong Son', 1),
(3212, 209, 'Maha Sarakham', 'Maha Sarakham', 1),
(3213, 209, 'Mukdahan', 'Mukdahan', 1),
(3214, 209, 'Nakhon Nayok', 'Nakhon Nayok', 1),
(3215, 209, 'Nakhon Pathom', 'Nakhon Pathom', 1),
(3216, 209, 'Nakhon Phanom', 'Nakhon Phanom', 1),
(3217, 209, 'Nakhon Ratchasima', 'Nakhon Ratchasima', 1),
(3218, 209, 'Nakhon Sawan', 'Nakhon Sawan', 1),
(3219, 209, 'Nakhon Si Thammarat', 'Nakhon Si Thammarat', 1),
(3220, 209, 'Nan', 'Nan', 1),
(3221, 209, 'Narathiwat', 'Narathiwat', 1),
(3222, 209, 'Nong Bua Lamphu', 'Nong Bua Lamphu', 1),
(3223, 209, 'Nong Khai', 'Nong Khai', 1),
(3224, 209, 'Nonthaburi', 'Nonthaburi', 1),
(3225, 209, 'Pathum Thani', 'Pathum Thani', 1),
(3226, 209, 'Pattani', 'Pattani', 1),
(3227, 209, 'Phangnga', 'Phangnga', 1),
(3228, 209, 'Phatthalung', 'Phatthalung', 1),
(3229, 209, 'Phayao', 'Phayao', 1),
(3230, 209, 'Phetchabun', 'Phetchabun', 1),
(3231, 209, 'Phetchaburi', 'Phetchaburi', 1),
(3232, 209, 'Phichit', 'Phichit', 1),
(3233, 209, 'Phitsanulok', 'Phitsanulok', 1),
(3234, 209, 'Phrae', 'Phrae', 1),
(3235, 209, 'Phuket', 'Phuket', 1),
(3236, 209, 'Prachin Buri', 'Prachin Buri', 1),
(3237, 209, 'Prachuap Khiri Khan', 'Prachuap Khiri Khan', 1),
(3238, 209, 'Ranong', 'Ranong', 1),
(3239, 209, 'Ratchaburi', 'Ratchaburi', 1),
(3240, 209, 'Rayong', 'Rayong', 1),
(3241, 209, 'Roi Et', 'Roi Et', 1),
(3242, 209, 'Sa Kaeo', 'Sa Kaeo', 1),
(3243, 209, 'Sakon Nakhon', 'Sakon Nakhon', 1),
(3244, 209, 'Samut Prakan', 'Samut Prakan', 1),
(3245, 209, 'Samut Sakhon', 'Samut Sakhon', 1),
(3246, 209, 'Samut Songkhram', 'Samut Songkhram', 1),
(3247, 209, 'Sara Buri', 'Sara Buri', 1),
(3248, 209, 'Satun', 'Satun', 1),
(3249, 209, 'Sing Buri', 'Sing Buri', 1),
(3250, 209, 'Sisaket', 'Sisaket', 1),
(3251, 209, 'Songkhla', 'Songkhla', 1),
(3252, 209, 'Sukhothai', 'Sukhothai', 1),
(3253, 209, 'Suphan Buri', 'Suphan Buri', 1),
(3254, 209, 'Surat Thani', 'Surat Thani', 1),
(3255, 209, 'Surin', 'Surin', 1),
(3256, 209, 'Tak', 'Tak', 1),
(3257, 209, 'Trang', 'Trang', 1),
(3258, 209, 'Trat', 'Trat', 1),
(3259, 209, 'Ubon Ratchathani', 'Ubon Ratchathani', 1),
(3260, 209, 'Udon Thani', 'Udon Thani', 1),
(3261, 209, 'Uthai Thani', 'Uthai Thani', 1),
(3262, 209, 'Uttaradit', 'Uttaradit', 1),
(3263, 209, 'Yala', 'Yala', 1),
(3264, 209, 'Yasothon', 'Yasothon', 1),
(3265, 210, 'Kara', 'K', 1),
(3266, 210, 'Plateaux', 'P', 1),
(3267, 210, 'Savanes', 'S', 1),
(3268, 210, 'Centrale', 'C', 1),
(3269, 210, 'Maritime', 'M', 1),
(3270, 211, 'Atafu', 'A', 1),
(3271, 211, 'Fakaofo', 'F', 1),
(3272, 211, 'Nukunonu', 'N', 1),
(3273, 212, 'Ha''apai', 'H', 1),
(3274, 212, 'Tongatapu', 'T', 1),
(3275, 212, 'Vava''u', 'V', 1),
(3276, 213, 'Couva/Tabaquite/Talparo', 'CT', 1),
(3277, 213, 'Diego Martin', 'DM', 1),
(3278, 213, 'Mayaro/Rio Claro', 'MR', 1),
(3279, 213, 'Penal/Debe', 'PD', 1),
(3280, 213, 'Princes Town', 'PT', 1),
(3281, 213, 'Sangre Grande', 'SG', 1),
(3282, 213, 'San Juan/Laventille', 'SL', 1),
(3283, 213, 'Siparia', 'SI', 1),
(3284, 213, 'Tunapuna/Piarco', 'TP', 1),
(3285, 213, 'Port of Spain', 'PS', 1),
(3286, 213, 'San Fernando', 'SF', 1),
(3287, 213, 'Arima', 'AR', 1),
(3288, 213, 'Point Fortin', 'PF', 1),
(3289, 213, 'Chaguanas', 'CH', 1),
(3290, 213, 'Tobago', 'TO', 1),
(3291, 214, 'Ariana', 'AR', 1),
(3292, 214, 'Beja', 'BJ', 1),
(3293, 214, 'Ben Arous', 'BA', 1),
(3294, 214, 'Bizerte', 'BI', 1),
(3295, 214, 'Gabes', 'GB', 1),
(3296, 214, 'Gafsa', 'GF', 1),
(3297, 214, 'Jendouba', 'JE', 1),
(3298, 214, 'Kairouan', 'KR', 1),
(3299, 214, 'Kasserine', 'KS', 1),
(3300, 214, 'Kebili', 'KB', 1),
(3301, 214, 'Kef', 'KF', 1),
(3302, 214, 'Mahdia', 'MH', 1),
(3303, 214, 'Manouba', 'MN', 1),
(3304, 214, 'Medenine', 'ME', 1),
(3305, 214, 'Monastir', 'MO', 1),
(3306, 214, 'Nabeul', 'NA', 1),
(3307, 214, 'Sfax', 'SF', 1),
(3308, 214, 'Sidi', 'SD', 1),
(3309, 214, 'Siliana', 'SL', 1),
(3310, 214, 'Sousse', 'SO', 1),
(3311, 214, 'Tataouine', 'TA', 1),
(3312, 214, 'Tozeur', 'TO', 1),
(3313, 214, 'Tunis', 'TU', 1),
(3314, 214, 'Zaghouan', 'ZA', 1),
(3315, 215, 'Adana', 'ADA', 1),
(3316, 215, 'Adıyaman', 'ADI', 1),
(3317, 215, 'Afyonkarahisar', 'AFY', 1),
(3318, 215, 'Ağrı', 'AGR', 1),
(3319, 215, 'Aksaray', 'AKS', 1),
(3320, 215, 'Amasya', 'AMA', 1),
(3321, 215, 'Ankara', 'ANK', 1),
(3322, 215, 'Antalya', 'ANT', 1),
(3323, 215, 'Ardahan', 'ARD', 1),
(3324, 215, 'Artvin', 'ART', 1),
(3325, 215, 'Aydın', 'AYI', 1),
(3326, 215, 'Balıkesir', 'BAL', 1),
(3327, 215, 'Bartın', 'BAR', 1),
(3328, 215, 'Batman', 'BAT', 1),
(3329, 215, 'Bayburt', 'BAY', 1),
(3330, 215, 'Bilecik', 'BIL', 1),
(3331, 215, 'Bingöl', 'BIN', 1),
(3332, 215, 'Bitlis', 'BIT', 1),
(3333, 215, 'Bolu', 'BOL', 1),
(3334, 215, 'Burdur', 'BRD', 1),
(3335, 215, 'Bursa', 'BRS', 1),
(3336, 215, 'Çanakkale', 'CKL', 1),
(3337, 215, 'Çankırı', 'CKR', 1),
(3338, 215, 'Çorum', 'COR', 1),
(3339, 215, 'Denizli', 'DEN', 1),
(3340, 215, 'Diyarbakır', 'DIY', 1),
(3341, 215, 'Düzce', 'DUZ', 1),
(3342, 215, 'Edirne', 'EDI', 1),
(3343, 215, 'Elazığ', 'ELA', 1),
(3344, 215, 'Erzincan', 'EZC', 1),
(3345, 215, 'Erzurum', 'EZR', 1),
(3346, 215, 'Eskişehir', 'ESK', 1),
(3347, 215, 'Gaziantep', 'GAZ', 1),
(3348, 215, 'Giresun', 'GIR', 1),
(3349, 215, 'Gümüşhane', 'GMS', 1),
(3350, 215, 'Hakkari', 'HKR', 1),
(3351, 215, 'Hatay', 'HTY', 1),
(3352, 215, 'Iğdır', 'IGD', 1),
(3353, 215, 'Isparta', 'ISP', 1),
(3354, 215, 'İstanbul', 'IST', 1),
(3355, 215, 'İzmir', 'IZM', 1),
(3356, 215, 'Kahramanmaraş', 'KAH', 1),
(3357, 215, 'Karabük', 'KRB', 1),
(3358, 215, 'Karaman', 'KRM', 1),
(3359, 215, 'Kars', 'KRS', 1),
(3360, 215, 'Kastamonu', 'KAS', 1),
(3361, 215, 'Kayseri', 'KAY', 1),
(3362, 215, 'Kilis', 'KLS', 1),
(3363, 215, 'Kırıkkale', 'KRK', 1),
(3364, 215, 'Kırklareli', 'KLR', 1),
(3365, 215, 'Kırşehir', 'KRH', 1),
(3366, 215, 'Kocaeli', 'KOC', 1),
(3367, 215, 'Konya', 'KON', 1),
(3368, 215, 'Kütahya', 'KUT', 1),
(3369, 215, 'Malatya', 'MAL', 1),
(3370, 215, 'Manisa', 'MAN', 1),
(3371, 215, 'Mardin', 'MAR', 1),
(3372, 215, 'Mersin', 'MER', 1),
(3373, 215, 'Muğla', 'MUG', 1),
(3374, 215, 'Muş', 'MUS', 1),
(3375, 215, 'Nevşehir', 'NEV', 1),
(3376, 215, 'Niğde', 'NIG', 1),
(3377, 215, 'Ordu', 'ORD', 1),
(3378, 215, 'Osmaniye', 'OSM', 1),
(3379, 215, 'Rize', 'RIZ', 1),
(3380, 215, 'Sakarya', 'SAK', 1),
(3381, 215, 'Samsun', 'SAM', 1),
(3382, 215, 'Şanlıurfa', 'SAN', 1),
(3383, 215, 'Siirt', 'SII', 1),
(3384, 215, 'Sinop', 'SIN', 1),
(3385, 215, 'Şırnak', 'SIR', 1),
(3386, 215, 'Sivas', 'SIV', 1),
(3387, 215, 'Tekirdağ', 'TEL', 1),
(3388, 215, 'Tokat', 'TOK', 1),
(3389, 215, 'Trabzon', 'TRA', 1),
(3390, 215, 'Tunceli', 'TUN', 1),
(3391, 215, 'Uşak', 'USK', 1),
(3392, 215, 'Van', 'VAN', 1),
(3393, 215, 'Yalova', 'YAL', 1),
(3394, 215, 'Yozgat', 'YOZ', 1),
(3395, 215, 'Zonguldak', 'ZON', 1),
(3396, 216, 'Ahal Welayaty', 'A', 1),
(3397, 216, 'Balkan Welayaty', 'B', 1),
(3398, 216, 'Dashhowuz Welayaty', 'D', 1),
(3399, 216, 'Lebap Welayaty', 'L', 1),
(3400, 216, 'Mary Welayaty', 'M', 1),
(3401, 217, 'Ambergris Cays', 'AC', 1),
(3402, 217, 'Dellis Cay', 'DC', 1),
(3403, 217, 'French Cay', 'FC', 1),
(3404, 217, 'Little Water Cay', 'LW', 1),
(3405, 217, 'Parrot Cay', 'RC', 1),
(3406, 217, 'Pine Cay', 'PN', 1),
(3407, 217, 'Salt Cay', 'SL', 1),
(3408, 217, 'Grand Turk', 'GT', 1),
(3409, 217, 'South Caicos', 'SC', 1),
(3410, 217, 'East Caicos', 'EC', 1),
(3411, 217, 'Middle Caicos', 'MC', 1),
(3412, 217, 'North Caicos', 'NC', 1),
(3413, 217, 'Providenciales', 'PR', 1),
(3414, 217, 'West Caicos', 'WC', 1),
(3415, 218, 'Nanumanga', 'NMG', 1),
(3416, 218, 'Niulakita', 'NLK', 1),
(3417, 218, 'Niutao', 'NTO', 1),
(3418, 218, 'Funafuti', 'FUN', 1),
(3419, 218, 'Nanumea', 'NME', 1),
(3420, 218, 'Nui', 'NUI', 1),
(3421, 218, 'Nukufetau', 'NFT', 1),
(3422, 218, 'Nukulaelae', 'NLL', 1),
(3423, 218, 'Vaitupu', 'VAI', 1),
(3424, 219, 'Kalangala', 'KAL', 1),
(3425, 219, 'Kampala', 'KMP', 1),
(3426, 219, 'Kayunga', 'KAY', 1),
(3427, 219, 'Kiboga', 'KIB', 1),
(3428, 219, 'Luwero', 'LUW', 1),
(3429, 219, 'Masaka', 'MAS', 1),
(3430, 219, 'Mpigi', 'MPI', 1),
(3431, 219, 'Mubende', 'MUB', 1),
(3432, 219, 'Mukono', 'MUK', 1),
(3433, 219, 'Nakasongola', 'NKS', 1),
(3434, 219, 'Rakai', 'RAK', 1),
(3435, 219, 'Sembabule', 'SEM', 1),
(3436, 219, 'Wakiso', 'WAK', 1),
(3437, 219, 'Bugiri', 'BUG', 1),
(3438, 219, 'Busia', 'BUS', 1),
(3439, 219, 'Iganga', 'IGA', 1),
(3440, 219, 'Jinja', 'JIN', 1),
(3441, 219, 'Kaberamaido', 'KAB', 1),
(3442, 219, 'Kamuli', 'KML', 1),
(3443, 219, 'Kapchorwa', 'KPC', 1),
(3444, 219, 'Katakwi', 'KTK', 1),
(3445, 219, 'Kumi', 'KUM', 1),
(3446, 219, 'Mayuge', 'MAY', 1),
(3447, 219, 'Mbale', 'MBA', 1),
(3448, 219, 'Pallisa', 'PAL', 1),
(3449, 219, 'Sironko', 'SIR', 1),
(3450, 219, 'Soroti', 'SOR', 1),
(3451, 219, 'Tororo', 'TOR', 1),
(3452, 219, 'Adjumani', 'ADJ', 1),
(3453, 219, 'Apac', 'APC', 1),
(3454, 219, 'Arua', 'ARU', 1),
(3455, 219, 'Gulu', 'GUL', 1),
(3456, 219, 'Kitgum', 'KIT', 1),
(3457, 219, 'Kotido', 'KOT', 1),
(3458, 219, 'Lira', 'LIR', 1),
(3459, 219, 'Moroto', 'MRT', 1),
(3460, 219, 'Moyo', 'MOY', 1),
(3461, 219, 'Nakapiripirit', 'NAK', 1),
(3462, 219, 'Nebbi', 'NEB', 1),
(3463, 219, 'Pader', 'PAD', 1),
(3464, 219, 'Yumbe', 'YUM', 1),
(3465, 219, 'Bundibugyo', 'BUN', 1),
(3466, 219, 'Bushenyi', 'BSH', 1),
(3467, 219, 'Hoima', 'HOI', 1),
(3468, 219, 'Kabale', 'KBL', 1),
(3469, 219, 'Kabarole', 'KAR', 1),
(3470, 219, 'Kamwenge', 'KAM', 1),
(3471, 219, 'Kanungu', 'KAN', 1),
(3472, 219, 'Kasese', 'KAS', 1),
(3473, 219, 'Kibaale', 'KBA', 1),
(3474, 219, 'Kisoro', 'KIS', 1),
(3475, 219, 'Kyenjojo', 'KYE', 1),
(3476, 219, 'Masindi', 'MSN', 1),
(3477, 219, 'Mbarara', 'MBR', 1),
(3478, 219, 'Ntungamo', 'NTU', 1),
(3479, 219, 'Rukungiri', 'RUK', 1),
(3480, 220, 'Cherkas''ka Oblast''', '71', 1),
(3481, 220, 'Chernihivs''ka Oblast''', '74', 1),
(3482, 220, 'Chernivets''ka Oblast''', '77', 1),
(3483, 220, 'Crimea', '43', 1),
(3484, 220, 'Dnipropetrovs''ka Oblast''', '12', 1),
(3485, 220, 'Donets''ka Oblast''', '14', 1),
(3486, 220, 'Ivano-Frankivs''ka Oblast''', '26', 1),
(3487, 220, 'Khersons''ka Oblast''', '65', 1),
(3488, 220, 'Khmel''nyts''ka Oblast''', '68', 1),
(3489, 220, 'Kirovohrads''ka Oblast''', '35', 1),
(3490, 220, 'Kyiv', '30', 1),
(3491, 220, 'Kyivs''ka Oblast''', '32', 1),
(3492, 220, 'Luhans''ka Oblast''', '09', 1),
(3493, 220, 'L''vivs''ka Oblast''', '46', 1),
(3494, 220, 'Mykolayivs''ka Oblast''', '48', 1),
(3495, 220, 'Odes''ka Oblast''', '51', 1),
(3496, 220, 'Poltavs''ka Oblast''', '53', 1),
(3497, 220, 'Rivnens''ka Oblast''', '56', 1),
(3498, 220, 'Sevastopol''', '40', 1),
(3499, 220, 'Sums''ka Oblast''', '59', 1),
(3500, 220, 'Ternopil''s''ka Oblast''', '61', 1),
(3501, 220, 'Vinnyts''ka Oblast''', '05', 1),
(3502, 220, 'Volyns''ka Oblast''', '07', 1),
(3503, 220, 'Zakarpats''ka Oblast''', '21', 1),
(3504, 220, 'Zaporiz''ka Oblast''', '23', 1),
(3505, 220, 'Zhytomyrs''ka oblast''', '18', 1),
(3506, 221, 'Abu Dhabi', 'ADH', 1),
(3507, 221, '''Ajman', 'AJ', 1),
(3508, 221, 'Al Fujayrah', 'FU', 1),
(3509, 221, 'Ash Shariqah', 'SH', 1),
(3510, 221, 'Dubai', 'DU', 1),
(3511, 221, 'R''as al Khaymah', 'RK', 1),
(3512, 221, 'Umm al Qaywayn', 'UQ', 1),
(3513, 222, 'Aberdeen', 'ABN', 1),
(3514, 222, 'Aberdeenshire', 'ABNS', 1),
(3515, 222, 'Anglesey', 'ANG', 1),
(3516, 222, 'Angus', 'AGS', 1),
(3517, 222, 'Argyll and Bute', 'ARY', 1),
(3518, 222, 'Bedfordshire', 'BEDS', 1),
(3519, 222, 'Berkshire', 'BERKS', 1),
(3520, 222, 'Blaenau Gwent', 'BLA', 1),
(3521, 222, 'Bridgend', 'BRI', 1),
(3522, 222, 'Bristol', 'BSTL', 1),
(3523, 222, 'Buckinghamshire', 'BUCKS', 1),
(3524, 222, 'Caerphilly', 'CAE', 1),
(3525, 222, 'Cambridgeshire', 'CAMBS', 1),
(3526, 222, 'Cardiff', 'CDF', 1),
(3527, 222, 'Carmarthenshire', 'CARM', 1),
(3528, 222, 'Ceredigion', 'CDGN', 1),
(3529, 222, 'Cheshire', 'CHES', 1),
(3530, 222, 'Clackmannanshire', 'CLACK', 1),
(3531, 222, 'Conwy', 'CON', 1),
(3532, 222, 'Cornwall', 'CORN', 1),
(3533, 222, 'Denbighshire', 'DNBG', 1),
(3534, 222, 'Derbyshire', 'DERBY', 1),
(3535, 222, 'Devon', 'DVN', 1),
(3536, 222, 'Dorset', 'DOR', 1),
(3537, 222, 'Dumfries and Galloway', 'DGL', 1),
(3538, 222, 'Dundee', 'DUND', 1),
(3539, 222, 'Durham', 'DHM', 1),
(3540, 222, 'East Ayrshire', 'ARYE', 1),
(3541, 222, 'East Dunbartonshire', 'DUNBE', 1),
(3542, 222, 'East Lothian', 'LOTE', 1),
(3543, 222, 'East Renfrewshire', 'RENE', 1),
(3544, 222, 'East Riding of Yorkshire', 'ERYS', 1),
(3545, 222, 'East Sussex', 'SXE', 1),
(3546, 222, 'Edinburgh', 'EDIN', 1),
(3547, 222, 'Essex', 'ESX', 1),
(3548, 222, 'Falkirk', 'FALK', 1),
(3549, 222, 'Fife', 'FFE', 1),
(3550, 222, 'Flintshire', 'FLINT', 1),
(3551, 222, 'Glasgow', 'GLAS', 1),
(3552, 222, 'Gloucestershire', 'GLOS', 1),
(3553, 222, 'Greater London', 'LDN', 1),
(3554, 222, 'Greater Manchester', 'MCH', 1),
(3555, 222, 'Gwynedd', 'GDD', 1),
(3556, 222, 'Hampshire', 'HANTS', 1),
(3557, 222, 'Herefordshire', 'HWR', 1),
(3558, 222, 'Hertfordshire', 'HERTS', 1),
(3559, 222, 'Highlands', 'HLD', 1),
(3560, 222, 'Inverclyde', 'IVER', 1),
(3561, 222, 'Isle of Wight', 'IOW', 1),
(3562, 222, 'Kent', 'KNT', 1),
(3563, 222, 'Lancashire', 'LANCS', 1),
(3564, 222, 'Leicestershire', 'LEICS', 1),
(3565, 222, 'Lincolnshire', 'LINCS', 1),
(3566, 222, 'Merseyside', 'MSY', 1),
(3567, 222, 'Merthyr Tydfil', 'MERT', 1),
(3568, 222, 'Midlothian', 'MLOT', 1),
(3569, 222, 'Monmouthshire', 'MMOUTH', 1),
(3570, 222, 'Moray', 'MORAY', 1),
(3571, 222, 'Neath Port Talbot', 'NPRTAL', 1),
(3572, 222, 'Newport', 'NEWPT', 1),
(3573, 222, 'Norfolk', 'NOR', 1),
(3574, 222, 'North Ayrshire', 'ARYN', 1),
(3575, 222, 'North Lanarkshire', 'LANN', 1),
(3576, 222, 'North Yorkshire', 'YSN', 1),
(3577, 222, 'Northamptonshire', 'NHM', 1),
(3578, 222, 'Northumberland', 'NLD', 1),
(3579, 222, 'Nottinghamshire', 'NOT', 1),
(3580, 222, 'Orkney Islands', 'ORK', 1),
(3581, 222, 'Oxfordshire', 'OFE', 1),
(3582, 222, 'Pembrokeshire', 'PEM', 1),
(3583, 222, 'Perth and Kinross', 'PERTH', 1),
(3584, 222, 'Powys', 'PWS', 1),
(3585, 222, 'Renfrewshire', 'REN', 1),
(3586, 222, 'Rhondda Cynon Taff', 'RHON', 1),
(3587, 222, 'Rutland', 'RUT', 1),
(3588, 222, 'Scottish Borders', 'BOR', 1),
(3589, 222, 'Shetland Islands', 'SHET', 1),
(3590, 222, 'Shropshire', 'SPE', 1),
(3591, 222, 'Somerset', 'SOM', 1),
(3592, 222, 'South Ayrshire', 'ARYS', 1),
(3593, 222, 'South Lanarkshire', 'LANS', 1),
(3594, 222, 'South Yorkshire', 'YSS', 1),
(3595, 222, 'Staffordshire', 'SFD', 1),
(3596, 222, 'Stirling', 'STIR', 1),
(3597, 222, 'Suffolk', 'SFK', 1),
(3598, 222, 'Surrey', 'SRY', 1),
(3599, 222, 'Swansea', 'SWAN', 1),
(3600, 222, 'Torfaen', 'TORF', 1),
(3601, 222, 'Tyne and Wear', 'TWR', 1),
(3602, 222, 'Vale of Glamorgan', 'VGLAM', 1),
(3603, 222, 'Warwickshire', 'WARKS', 1),
(3604, 222, 'West Dunbartonshire', 'WDUN', 1),
(3605, 222, 'West Lothian', 'WLOT', 1),
(3606, 222, 'West Midlands', 'WMD', 1),
(3607, 222, 'West Sussex', 'SXW', 1),
(3608, 222, 'West Yorkshire', 'YSW', 1),
(3609, 222, 'Western Isles', 'WIL', 1),
(3610, 222, 'Wiltshire', 'WLT', 1),
(3611, 222, 'Worcestershire', 'WORCS', 1),
(3612, 222, 'Wrexham', 'WRX', 1),
(3613, 223, 'Alabama', 'AL', 1),
(3614, 223, 'Alaska', 'AK', 1),
(3615, 223, 'American Samoa', 'AS', 1),
(3616, 223, 'Arizona', 'AZ', 1),
(3617, 223, 'Arkansas', 'AR', 1),
(3618, 223, 'Armed Forces Africa', 'AF', 1),
(3619, 223, 'Armed Forces Americas', 'AA', 1),
(3620, 223, 'Armed Forces Canada', 'AC', 1),
(3621, 223, 'Armed Forces Europe', 'AE', 1),
(3622, 223, 'Armed Forces Middle East', 'AM', 1),
(3623, 223, 'Armed Forces Pacific', 'AP', 1),
(3624, 223, 'California', 'CA', 1),
(3625, 223, 'Colorado', 'CO', 1),
(3626, 223, 'Connecticut', 'CT', 1),
(3627, 223, 'Delaware', 'DE', 1),
(3628, 223, 'District of Columbia', 'DC', 1),
(3629, 223, 'Federated States Of Micronesia', 'FM', 1),
(3630, 223, 'Florida', 'FL', 1),
(3631, 223, 'Georgia', 'GA', 1),
(3632, 223, 'Guam', 'GU', 1),
(3633, 223, 'Hawaii', 'HI', 1),
(3634, 223, 'Idaho', 'ID', 1),
(3635, 223, 'Illinois', 'IL', 1),
(3636, 223, 'Indiana', 'IN', 1),
(3637, 223, 'Iowa', 'IA', 1),
(3638, 223, 'Kansas', 'KS', 1),
(3639, 223, 'Kentucky', 'KY', 1),
(3640, 223, 'Louisiana', 'LA', 1),
(3641, 223, 'Maine', 'ME', 1),
(3642, 223, 'Marshall Islands', 'MH', 1),
(3643, 223, 'Maryland', 'MD', 1),
(3644, 223, 'Massachusetts', 'MA', 1),
(3645, 223, 'Michigan', 'MI', 1),
(3646, 223, 'Minnesota', 'MN', 1),
(3647, 223, 'Mississippi', 'MS', 1),
(3648, 223, 'Missouri', 'MO', 1),
(3649, 223, 'Montana', 'MT', 1),
(3650, 223, 'Nebraska', 'NE', 1),
(3651, 223, 'Nevada', 'NV', 1),
(3652, 223, 'New Hampshire', 'NH', 1),
(3653, 223, 'New Jersey', 'NJ', 1),
(3654, 223, 'New Mexico', 'NM', 1),
(3655, 223, 'New York', 'NY', 1),
(3656, 223, 'North Carolina', 'NC', 1),
(3657, 223, 'North Dakota', 'ND', 1),
(3658, 223, 'Northern Mariana Islands', 'MP', 1),
(3659, 223, 'Ohio', 'OH', 1),
(3660, 223, 'Oklahoma', 'OK', 1),
(3661, 223, 'Oregon', 'OR', 1),
(3662, 223, 'Palau', 'PW', 1),
(3663, 223, 'Pennsylvania', 'PA', 1),
(3664, 223, 'Puerto Rico', 'PR', 1),
(3665, 223, 'Rhode Island', 'RI', 1),
(3666, 223, 'South Carolina', 'SC', 1),
(3667, 223, 'South Dakota', 'SD', 1),
(3668, 223, 'Tennessee', 'TN', 1),
(3669, 223, 'Texas', 'TX', 1),
(3670, 223, 'Utah', 'UT', 1),
(3671, 223, 'Vermont', 'VT', 1),
(3672, 223, 'Virgin Islands', 'VI', 1),
(3673, 223, 'Virginia', 'VA', 1),
(3674, 223, 'Washington', 'WA', 1),
(3675, 223, 'West Virginia', 'WV', 1),
(3676, 223, 'Wisconsin', 'WI', 1),
(3677, 223, 'Wyoming', 'WY', 1),
(3678, 224, 'Baker Island', 'BI', 1),
(3679, 224, 'Howland Island', 'HI', 1),
(3680, 224, 'Jarvis Island', 'JI', 1),
(3681, 224, 'Johnston Atoll', 'JA', 1),
(3682, 224, 'Kingman Reef', 'KR', 1),
(3683, 224, 'Midway Atoll', 'MA', 1),
(3684, 224, 'Navassa Island', 'NI', 1),
(3685, 224, 'Palmyra Atoll', 'PA', 1),
(3686, 224, 'Wake Island', 'WI', 1),
(3687, 225, 'Artigas', 'AR', 1),
(3688, 225, 'Canelones', 'CA', 1),
(3689, 225, 'Cerro Largo', 'CL', 1),
(3690, 225, 'Colonia', 'CO', 1),
(3691, 225, 'Durazno', 'DU', 1),
(3692, 225, 'Flores', 'FS', 1),
(3693, 225, 'Florida', 'FA', 1),
(3694, 225, 'Lavalleja', 'LA', 1),
(3695, 225, 'Maldonado', 'MA', 1),
(3696, 225, 'Montevideo', 'MO', 1),
(3697, 225, 'Paysandu', 'PA', 1),
(3698, 225, 'Rio Negro', 'RN', 1),
(3699, 225, 'Rivera', 'RV', 1),
(3700, 225, 'Rocha', 'RO', 1),
(3701, 225, 'Salto', 'SL', 1),
(3702, 225, 'San Jose', 'SJ', 1),
(3703, 225, 'Soriano', 'SO', 1),
(3704, 225, 'Tacuarembo', 'TA', 1),
(3705, 225, 'Treinta y Tres', 'TT', 1),
(3706, 226, 'Andijon', 'AN', 1),
(3707, 226, 'Buxoro', 'BU', 1),
(3708, 226, 'Farg''ona', 'FA', 1),
(3709, 226, 'Jizzax', 'JI', 1),
(3710, 226, 'Namangan', 'NG', 1),
(3711, 226, 'Navoiy', 'NW', 1),
(3712, 226, 'Qashqadaryo', 'QA', 1),
(3713, 226, 'Qoraqalpog''iston Republikasi', 'QR', 1),
(3714, 226, 'Samarqand', 'SA', 1),
(3715, 226, 'Sirdaryo', 'SI', 1),
(3716, 226, 'Surxondaryo', 'SU', 1),
(3717, 226, 'Toshkent City', 'TK', 1),
(3718, 226, 'Toshkent Region', 'TO', 1),
(3719, 226, 'Xorazm', 'XO', 1),
(3720, 227, 'Malampa', 'MA', 1),
(3721, 227, 'Penama', 'PE', 1),
(3722, 227, 'Sanma', 'SA', 1),
(3723, 227, 'Shefa', 'SH', 1),
(3724, 227, 'Tafea', 'TA', 1),
(3725, 227, 'Torba', 'TO', 1),
(3726, 229, 'Amazonas', 'AM', 1),
(3727, 229, 'Anzoategui', 'AN', 1),
(3728, 229, 'Apure', 'AP', 1),
(3729, 229, 'Aragua', 'AR', 1),
(3730, 229, 'Barinas', 'BA', 1),
(3731, 229, 'Bolivar', 'BO', 1),
(3732, 229, 'Carabobo', 'CA', 1),
(3733, 229, 'Cojedes', 'CO', 1),
(3734, 229, 'Delta Amacuro', 'DA', 1),
(3735, 229, 'Dependencias Federales', 'DF', 1),
(3736, 229, 'Distrito Federal', 'DI', 1),
(3737, 229, 'Falcon', 'FA', 1),
(3738, 229, 'Guarico', 'GU', 1),
(3739, 229, 'Lara', 'LA', 1),
(3740, 229, 'Merida', 'ME', 1),
(3741, 229, 'Miranda', 'MI', 1),
(3742, 229, 'Monagas', 'MO', 1),
(3743, 229, 'Nueva Esparta', 'NE', 1),
(3744, 229, 'Portuguesa', 'PO', 1),
(3745, 229, 'Sucre', 'SU', 1),
(3746, 229, 'Tachira', 'TA', 1),
(3747, 229, 'Trujillo', 'TR', 1),
(3748, 229, 'Vargas', 'VA', 1),
(3749, 229, 'Yaracuy', 'YA', 1),
(3750, 229, 'Zulia', 'ZU', 1),
(3751, 230, 'An Giang', 'AG', 1),
(3752, 230, 'Bac Giang', 'BG', 1),
(3753, 230, 'Bac Kan', 'BK', 1),
(3754, 230, 'Bac Lieu', 'BL', 1),
(3755, 230, 'Bac Ninh', 'BC', 1),
(3756, 230, 'Ba Ria-Vung Tau', 'BR', 1),
(3757, 230, 'Ben Tre', 'BN', 1),
(3758, 230, 'Binh Dinh', 'BH', 1),
(3759, 230, 'Binh Duong', 'BU', 1),
(3760, 230, 'Binh Phuoc', 'BP', 1),
(3761, 230, 'Binh Thuan', 'BT', 1),
(3762, 230, 'Ca Mau', 'CM', 1),
(3763, 230, 'Can Tho', 'CT', 1),
(3764, 230, 'Cao Bang', 'CB', 1),
(3765, 230, 'Dak Lak', 'DL', 1),
(3766, 230, 'Dak Nong', 'DG', 1),
(3767, 230, 'Da Nang', 'DN', 1),
(3768, 230, 'Dien Bien', 'DB', 1),
(3769, 230, 'Dong Nai', 'DI', 1),
(3770, 230, 'Dong Thap', 'DT', 1),
(3771, 230, 'Gia Lai', 'GL', 1),
(3772, 230, 'Ha Giang', 'HG', 1),
(3773, 230, 'Hai Duong', 'HD', 1),
(3774, 230, 'Hai Phong', 'HP', 1),
(3775, 230, 'Ha Nam', 'HM', 1),
(3776, 230, 'Ha Noi', 'HI', 1),
(3777, 230, 'Ha Tay', 'HT', 1),
(3778, 230, 'Ha Tinh', 'HH', 1),
(3779, 230, 'Hoa Binh', 'HB', 1),
(3780, 230, 'Ho Chi Minh City', 'HC', 1),
(3781, 230, 'Hau Giang', 'HU', 1),
(3782, 230, 'Hung Yen', 'HY', 1),
(3783, 232, 'Saint Croix', 'C', 1),
(3784, 232, 'Saint John', 'J', 1),
(3785, 232, 'Saint Thomas', 'T', 1),
(3786, 233, 'Alo', 'A', 1),
(3787, 233, 'Sigave', 'S', 1),
(3788, 233, 'Wallis', 'W', 1),
(3789, 235, 'Abyan', 'AB', 1),
(3790, 235, 'Adan', 'AD', 1),
(3791, 235, 'Amran', 'AM', 1),
(3792, 235, 'Al Bayda', 'BA', 1),
(3793, 235, 'Ad Dali', 'DA', 1),
(3794, 235, 'Dhamar', 'DH', 1),
(3795, 235, 'Hadramawt', 'HD', 1),
(3796, 235, 'Hajjah', 'HJ', 1),
(3797, 235, 'Al Hudaydah', 'HU', 1),
(3798, 235, 'Ibb', 'IB', 1),
(3799, 235, 'Al Jawf', 'JA', 1),
(3800, 235, 'Lahij', 'LA', 1),
(3801, 235, 'Ma''rib', 'MA', 1),
(3802, 235, 'Al Mahrah', 'MR', 1),
(3803, 235, 'Al Mahwit', 'MW', 1),
(3804, 235, 'Sa''dah', 'SD', 1),
(3805, 235, 'San''a', 'SN', 1),
(3806, 235, 'Shabwah', 'SH', 1),
(3807, 235, 'Ta''izz', 'TA', 1),
(3823, 238, 'Central', 'CE', 1),
(3824, 238, 'Copperbelt', 'CB', 1),
(3825, 238, 'Eastern', 'EA', 1),
(3826, 238, 'Luapula', 'LP', 1),
(3827, 238, 'Lusaka', 'LK', 1),
(3828, 238, 'Northern', 'NO', 1),
(3829, 238, 'North-Western', 'NW', 1),
(3830, 238, 'Southern', 'SO', 1),
(3831, 238, 'Western', 'WE', 1),
(3832, 239, 'Bulawayo', 'BU', 1),
(3833, 239, 'Harare', 'HA', 1),
(3834, 239, 'Manicaland', 'ML', 1),
(3835, 239, 'Mashonaland Central', 'MC', 1),
(3836, 239, 'Mashonaland East', 'ME', 1),
(3837, 239, 'Mashonaland West', 'MW', 1),
(3838, 239, 'Masvingo', 'MV', 1),
(3839, 239, 'Matabeleland North', 'MN', 1),
(3840, 239, 'Matabeleland South', 'MS', 1),
(3841, 239, 'Midlands', 'MD', 1),
(3949, 222, 'County Antrim', 'ANT', 1),
(3950, 222, 'County Armagh', 'ARM', 1),
(3951, 222, 'County Down', 'DOW', 1),
(3952, 222, 'County Fermanagh', 'FER', 1),
(3953, 222, 'County Londonderry', 'LDY', 1),
(3954, 222, 'County Tyrone', 'TYR', 1),
(3955, 222, 'Cumbria', 'CMA', 1),
(3956, 190, 'Pomurska', '1', 1),
(3957, 190, 'Podravska', '2', 1),
(3958, 190, 'Koroška', '3', 1),
(3959, 190, 'Savinjska', '4', 1),
(3960, 190, 'Zasavska', '5', 1),
(3961, 190, 'Spodnjeposavska', '6', 1),
(3962, 190, 'Jugovzhodna Slovenija', '7', 1),
(3963, 190, 'Osrednjeslovenska', '8', 1),
(3964, 190, 'Gorenjska', '9', 1),
(3965, 190, 'Notranjsko-kraška', '10', 1),
(3966, 190, 'Goriška', '11', 1),
(3967, 190, 'Obalno-kraška', '12', 1),
(3994, 243, 'Belgrade', '00', 1),
(3995, 243, 'North Bačka', '01', 1),
(3996, 243, 'Central Banat', '02', 1),
(3997, 243, 'North Banat', '03', 1),
(3998, 243, 'South Banat', '04', 1),
(3999, 243, 'West Bačka', '05', 1),
(4000, 243, 'South Bačka', '06', 1),
(4001, 243, 'Srem', '07', 1),
(4002, 243, 'Mačva', '08', 1),
(4003, 243, 'Kolubara', '09', 1),
(4004, 243, 'Podunavlje', '10', 1),
(4005, 243, 'Braničevo', '11', 1),
(4006, 243, 'Šumadija', '12', 1),
(4007, 243, 'Pomoravlje', '13', 1),
(4008, 243, 'Bor', '14', 1),
(4009, 243, 'Zaječar', '15', 1),
(4010, 243, 'Zlatibor', '16', 1),
(4011, 243, 'Moravica', '17', 1),
(4012, 243, 'Raška', '18', 1),
(4013, 243, 'Rasina', '19', 1),
(4014, 243, 'Nišava', '20', 1),
(4015, 243, 'Toplica', '21', 1),
(4016, 243, 'Pirot', '22', 1),
(4017, 243, 'Jablanica', '23', 1),
(4018, 243, 'Pčinja', '24', 1),
(4023, 248, 'Central Equatoria', 'EC', 1),
(4024, 248, 'Eastern Equatoria', 'EE', 1),
(4025, 248, 'Jonglei', 'JG', 1),
(4026, 248, 'Lakes', 'LK', 1),
(4027, 248, 'Northern Bahr el-Ghazal', 'BN', 1),
(4028, 248, 'Unity', 'UY', 1),
(4029, 248, 'Upper Nile', 'NU', 1),
(4030, 248, 'Warrap', 'WR', 1),
(4031, 248, 'Western Bahr el-Ghazal', 'BW', 1),
(4032, 248, 'Western Equatoria', 'EW', 1),
(4224, 220, 'Kharkivs''ka Oblast''', '63', 1);

-- --------------------------------------------------------

--
-- Структура таблицы `zone_to_geo_zone`
--

CREATE TABLE IF NOT EXISTS `zone_to_geo_zone` (
  `zone_to_geo_zone_id` int(11) NOT NULL AUTO_INCREMENT,
  `country_id` int(11) NOT NULL,
  `zone_id` int(11) NOT NULL DEFAULT '0',
  `geo_zone_id` int(11) NOT NULL,
  `date_added` datetime NOT NULL,
  `date_modified` datetime NOT NULL,
  PRIMARY KEY (`zone_to_geo_zone_id`)
) ENGINE=MyISAM  DEFAULT CHARSET=utf8 AUTO_INCREMENT=112 ;

--
-- Дамп данных таблицы `zone_to_geo_zone`
--

INSERT INTO `zone_to_geo_zone` (`zone_to_geo_zone_id`, `country_id`, `zone_id`, `geo_zone_id`, `date_added`, `date_modified`) VALUES
(110, 258, 4232, 5, '2016-07-10 05:06:58', '0000-00-00 00:00:00'),
(111, 259, 4233, 6, '2016-07-10 05:07:30', '0000-00-00 00:00:00');

/*!40101 SET CHARACTER_SET_CLIENT=@OLD_CHARACTER_SET_CLIENT */;
/*!40101 SET CHARACTER_SET_RESULTS=@OLD_CHARACTER_SET_RESULTS */;
/*!40101 SET COLLATION_CONNECTION=@OLD_COLLATION_CONNECTION */;
